,count_TTT,count_TTC,count_TTA,count_TTG,count_CTT,count_CTC,count_CTA,count_CTG,count_ATT,count_ATC,count_ATA,count_ATG,count_GTT,count_GTC,count_GTA,count_GTG,count_TCT,count_TCC,count_TCA,count_TCG,count_CCT,count_CCC,count_CCA,count_CCG,count_ACT,count_ACC,count_ACA,count_ACG,count_GCT,count_GCC,count_GCA,count_GCG,count_TAT,count_TAC,count_TAA,count_TAG,count_CAT,count_CAC,count_CAA,count_CAG,count_AAT,count_AAC,count_AAA,count_AAG,count_GAT,count_GAC,count_GAA,count_GAG,count_TGT,count_TGC,count_TGA,count_TGG,count_CGT,count_CGC,count_CGA,count_CGG,count_AGT,count_AGC,count_AGA,count_AGG,count_GGT,count_GGC,count_GGA,count_GGG
0,709,518,876,817,738,269,561,495,773,339,448,725,700,269,469,518,509,209,549,113,344,102,354,74,674,376,755,164,521,187,372,85,595,609,719,427,484,426,703,438,761,615,654,580,440,340,535,282,801,547,630,554,171,94,95,76,507,301,570,329,454,223,282,119
1,20,34,16,19,37,63,19,116,14,27,11,41,18,26,16,48,33,68,39,14,97,73,99,32,38,58,50,24,71,102,54,21,18,23,9,11,36,61,41,101,14,35,16,43,24,48,43,56,28,65,44,86,14,27,18,32,36,70,35,70,29,86,73,56
2,30,61,20,32,62,89,40,187,18,51,16,69,33,45,30,78,55,100,67,30,143,110,153,74,61,104,86,45,125,166,102,46,26,52,12,16,67,103,71,162,21,61,26,69,40,75,69,95,50,119,61,138,27,60,41,64,63,109,59,111,48,148,117,93
3,30,56,20,31,58,88,40,189,18,53,16,66,31,46,30,77,55,98,67,29,145,114,153,71,60,104,83,42,121,167,100,45,26,52,12,16,66,101,71,160,22,59,25,65,39,72,64,90,51,120,61,132,28,59,38,59,60,107,56,108,46,144,109,86
4,20,36,16,19,38,68,24,125,15,30,11,46,18,29,18,51,36,71,45,15,106,82,115,34,41,71,57,28,76,113,63,24,20,27,9,12,42,71,49,115,14,41,17,45,25,55,43,63,30,73,45,92,17,28,20,36,37,81,40,77,31,94,80,61
5,21,39,16,20,40,68,25,129,15,33,11,46,20,31,19,53,37,75,48,15,108,83,122,35,43,72,60,30,78,118,67,26,20,29,9,12,45,75,51,122,14,41,17,47,25,56,43,65,33,75,46,94,17,29,22,38,41,84,40,81,32,101,80,63
6,32,63,20,33,63,95,44,201,19,55,16,72,34,47,32,78,58,107,70,31,153,116,160,77,64,109,92,50,134,174,108,48,26,57,13,16,71,108,80,166,22,67,27,75,43,78,72,98,52,127,64,143,27,67,43,66,64,115,61,115,50,152,122,96
7,21,41,17,20,41,72,27,132,17,33,11,46,20,31,19,54,39,76,50,15,110,85,123,35,43,74,61,30,83,118,69,26,20,31,10,12,46,75,54,124,15,42,19,50,25,56,44,69,33,75,49,95,17,29,22,38,41,89,41,84,33,103,81,64
8,72,73,78,55,77,62,40,79,85,46,67,91,44,39,30,53,64,55,86,10,54,35,61,23,80,36,81,20,55,47,63,22,71,61,56,30,66,52,85,96,88,65,96,82,67,47,95,41,54,57,88,78,13,22,13,24,61,59,78,53,37,46,72,41
9,70,72,80,55,71,58,42,83,90,49,68,89,46,38,32,55,61,51,89,10,50,29,56,21,79,35,84,20,58,41,66,18,71,65,58,30,69,51,84,99,89,66,92,86,69,44,100,41,57,57,90,77,13,20,12,22,62,61,82,53,38,43,71,39
10,66,65,73,53,67,53,38,74,80,45,63,84,44,37,29,49,56,46,84,9,44,27,53,20,77,32,78,17,50,39,60,18,67,58,53,28,61,49,79,93,83,63,87,77,64,41,92,38,53,53,82,71,11,20,10,21,58,54,78,48,36,38,66,38
11,68,67,75,53,68,53,39,74,83,45,65,87,44,37,29,49,56,47,85,9,45,27,53,20,77,32,80,17,51,39,62,18,69,59,55,28,64,50,80,94,85,63,89,78,65,42,92,38,53,53,84,72,11,20,10,21,58,56,77,49,36,39,67,38
12,68,67,75,53,68,53,39,74,83,45,65,87,44,37,29,49,56,47,85,9,45,27,53,20,77,32,79,17,51,39,62,18,69,59,55,28,64,49,81,93,86,63,89,78,64,42,92,39,53,53,84,72,11,20,10,21,58,56,77,49,36,39,67,38
13,68,67,75,53,68,53,39,74,83,45,65,87,44,37,29,49,56,47,85,9,45,27,53,20,77,32,79,17,51,39,61,18,69,59,55,28,64,49,80,93,85,63,89,78,65,42,92,39,53,53,84,72,11,20,10,21,58,56,78,48,36,38,67,38
14,67,67,73,53,67,53,38,74,82,44,62,85,44,37,28,49,55,47,85,9,45,27,52,20,76,32,79,17,51,38,62,18,66,57,53,27,63,50,80,93,81,63,87,76,65,42,88,38,53,52,83,72,11,20,10,21,57,56,78,45,36,39,63,38
15,68,67,75,53,68,53,39,74,83,45,65,87,44,37,29,49,56,47,85,9,45,27,53,20,77,32,80,17,51,39,62,18,69,59,55,28,64,50,80,94,85,63,89,78,65,42,92,39,53,53,84,72,11,20,10,21,58,56,78,49,36,39,67,38
16,13,26,6,15,23,45,4,56,8,14,5,13,16,29,6,26,29,41,35,9,42,34,45,38,19,31,19,24,38,53,23,19,3,8,4,6,21,45,17,38,7,14,8,27,9,26,27,36,16,33,24,36,17,23,18,30,20,26,27,38,23,49,32,31
17,14,27,7,16,25,49,6,64,8,19,5,13,17,37,6,37,31,51,36,14,46,45,62,49,21,42,23,32,46,64,34,26,3,10,4,7,24,57,21,52,7,18,8,29,11,33,29,43,18,39,26,47,22,33,24,39,26,33,29,47,31,62,40,43
18,18,33,10,16,32,52,5,55,9,14,5,13,18,38,6,28,34,52,38,13,52,41,52,42,24,35,23,26,34,59,24,23,3,10,5,8,22,50,24,40,7,18,9,32,9,30,28,37,16,33,27,34,21,30,21,31,26,29,30,36,25,47,29,32
19,13,26,6,15,23,45,4,56,8,14,5,13,16,29,6,26,29,41,35,9,42,34,45,38,19,31,19,24,38,53,22,19,3,8,4,6,21,45,17,37,7,14,8,27,9,26,27,36,16,33,24,36,17,23,18,30,20,26,27,37,23,48,32,31
20,18,31,10,14,29,47,4,50,9,14,4,12,17,36,5,26,33,48,33,13,47,39,48,38,22,30,19,24,28,55,22,20,3,8,5,7,22,43,22,35,6,17,8,27,8,27,23,34,16,30,23,31,19,27,21,28,24,27,25,31,23,41,26,30
21,17,27,21,7,20,16,23,22,21,22,22,30,14,6,20,11,29,18,24,2,17,8,19,0,20,10,17,0,17,8,11,0,22,21,32,9,20,9,24,19,39,9,31,34,12,9,27,12,19,20,18,12,0,0,2,0,18,10,24,21,13,6,14,5
22,35,39,19,37,43,88,26,147,24,36,12,54,28,49,19,99,53,78,56,30,136,128,137,58,39,93,56,41,81,160,94,46,18,25,15,18,56,96,55,132,22,38,21,54,30,66,44,85,53,85,63,140,30,47,34,65,47,92,50,100,69,158,79,98
23,34,38,19,39,43,88,26,153,24,37,13,56,29,48,19,103,54,77,56,29,137,128,138,54,41,93,56,41,83,159,98,45,18,25,15,19,56,96,55,137,23,38,20,58,33,68,49,86,55,88,68,143,30,43,32,65,48,98,52,103,69,157,85,98
24,34,38,20,37,44,89,26,150,24,36,12,54,27,52,20,101,53,81,56,30,140,129,137,58,40,96,57,41,81,158,96,43,18,25,16,19,56,97,56,133,22,39,20,55,30,69,43,87,53,87,63,143,32,44,33,64,49,91,52,102,70,157,82,98
25,35,39,19,37,43,88,26,147,24,36,12,54,28,49,19,99,53,78,56,30,136,128,137,58,39,93,56,41,81,160,94,46,18,25,15,18,56,96,55,132,22,37,21,55,30,67,44,85,53,85,63,140,30,47,34,65,47,92,51,100,69,158,79,98
26,36,39,19,39,44,91,26,153,25,36,13,56,28,53,19,106,58,79,57,30,138,130,145,53,39,96,63,41,84,161,98,44,18,26,15,18,58,100,59,143,24,41,24,59,30,69,50,92,56,87,67,147,30,43,32,64,51,99,60,103,72,159,83,99
27,34,38,19,37,43,88,26,147,24,37,12,54,27,48,19,101,53,77,56,30,136,125,136,56,40,94,57,41,80,157,96,49,18,25,15,18,56,97,55,132,22,37,20,54,31,68,43,83,54,87,63,139,30,45,32,70,46,91,51,99,69,159,80,99
28,37,39,19,40,44,91,27,154,25,36,13,56,29,53,19,106,58,79,57,30,138,130,145,53,41,96,64,41,84,161,98,44,18,26,15,19,58,100,60,143,24,42,25,59,30,71,50,94,56,87,68,148,30,43,32,64,51,99,62,104,73,159,84,100
29,34,38,19,38,43,88,26,153,24,37,13,56,28,48,19,104,54,77,56,29,137,128,138,54,41,93,56,41,83,159,98,45,18,25,15,19,56,96,55,137,23,38,20,58,33,68,49,86,55,88,68,144,30,43,32,65,48,98,52,103,70,157,85,98
30,19,28,25,11,22,18,24,27,26,26,22,30,16,8,24,11,32,21,27,2,21,8,22,0,22,13,17,2,18,9,14,0,23,24,34,12,23,10,28,20,43,12,33,36,13,9,30,14,24,22,20,12,1,1,2,0,19,12,27,23,14,6,15,5
31,531,461,398,451,454,332,263,462,493,267,321,387,363,187,253,282,433,371,376,57,410,258,419,70,335,250,341,63,323,278,333,51,351,232,389,250,336,263,379,504,493,302,464,416,275,205,443,321,431,320,454,380,67,61,46,70,354,345,416,368,236,262,320,191
32,114,98,90,127,103,94,58,110,122,76,74,118,90,48,75,92,92,95,104,26,93,79,146,37,93,82,122,20,88,99,137,25,81,69,79,63,100,88,127,199,130,101,141,106,74,64,131,96,124,85,130,108,17,31,23,39,97,131,113,120,67,104,96,65
33,530,458,398,448,452,327,260,456,490,266,320,387,362,186,253,282,428,368,375,57,407,255,416,69,333,247,340,63,318,277,331,51,351,230,387,250,335,261,378,501,492,301,463,413,272,204,441,320,431,314,452,379,67,61,46,69,351,343,413,368,236,262,318,190
34,15,15,10,8,17,13,5,24,9,10,5,6,7,9,1,4,18,17,9,5,14,6,15,4,8,6,11,2,21,10,10,4,8,2,5,6,6,8,11,20,5,4,8,17,11,13,10,11,8,15,7,12,0,6,3,6,9,12,21,10,4,11,12,6
35,13,28,5,26,28,27,19,71,14,20,13,31,17,26,14,56,24,31,27,19,51,26,46,17,28,46,35,13,42,37,37,21,13,24,7,8,27,31,33,55,16,28,29,37,23,40,42,48,40,39,48,57,14,22,15,20,29,38,46,39,30,39,47,36
36,63,37,45,44,43,30,31,39,58,19,31,34,25,20,31,30,35,24,33,13,30,25,30,21,46,32,40,13,31,25,36,7,47,31,39,19,30,35,43,33,48,36,41,39,16,31,40,34,40,22,32,53,8,18,10,17,30,30,34,32,28,28,46,22
37,27,33,11,32,35,32,15,92,16,13,12,37,25,23,14,43,35,42,18,7,66,40,56,22,23,45,43,6,51,57,49,13,14,16,11,11,23,41,45,57,21,29,22,41,20,31,36,36,36,56,53,59,13,13,7,16,27,51,28,41,29,51,36,33
38,27,34,11,33,39,33,14,92,16,15,12,38,23,23,14,44,36,44,19,7,68,41,60,21,24,47,42,6,51,58,49,13,14,14,11,12,24,42,45,59,22,30,23,39,21,33,36,36,35,57,54,61,12,13,7,16,29,50,29,41,28,52,38,31
39,25,21,17,27,20,16,20,38,29,17,15,36,16,7,12,32,21,16,20,4,25,11,19,14,22,17,22,8,26,25,27,9,17,17,23,6,21,15,16,36,34,18,19,34,24,19,48,27,27,24,41,43,6,11,8,10,19,20,29,38,17,32,42,18
40,31,24,18,36,24,22,22,45,34,21,18,38,20,9,14,41,24,25,23,4,32,13,26,18,24,19,31,10,33,32,33,12,19,20,25,7,27,20,17,50,37,20,21,38,27,25,54,34,30,27,49,57,8,13,9,15,24,29,34,45,25,42,50,24
41,24,21,15,26,17,12,17,36,30,16,17,34,15,6,13,33,18,14,19,4,18,9,18,13,20,14,19,7,26,21,25,7,18,14,23,6,20,11,14,36,34,15,20,34,24,20,47,25,28,18,40,45,5,11,5,10,17,20,31,35,19,30,41,17
42,25,21,17,26,19,15,19,35,29,17,15,36,16,6,12,31,19,16,20,4,23,9,18,13,21,15,22,7,25,23,25,8,17,16,23,6,21,14,15,35,34,16,19,34,24,19,47,25,26,22,40,41,5,11,6,10,19,18,28,37,16,30,42,18
43,25,21,17,29,20,17,20,39,29,17,15,36,18,7,12,35,21,17,20,4,26,12,20,18,23,18,23,8,26,29,29,12,17,17,23,6,21,16,16,40,34,18,19,35,24,22,49,32,27,24,44,46,7,13,9,14,20,24,29,43,20,36,47,23
44,39,53,30,38,65,73,28,80,31,35,26,35,25,34,20,47,51,74,42,27,101,73,72,48,35,54,51,16,58,93,46,46,23,33,31,17,41,48,47,71,39,38,43,43,24,34,42,56,39,57,44,58,22,46,25,43,25,64,39,59,38,75,47,50
45,32,38,24,27,50,39,20,45,23,20,23,26,16,23,19,27,36,40,26,17,56,44,45,26,27,32,34,9,34,55,26,27,19,26,30,11,25,26,34,45,33,29,35,32,15,21,29,48,30,31,32,30,12,28,16,23,19,42,33,42,22,41,32,32
46,33,40,26,29,55,40,21,51,23,23,24,26,17,25,19,30,39,42,28,18,61,46,46,27,31,34,37,10,35,58,28,28,21,28,30,11,26,30,35,46,33,30,35,32,16,23,29,49,33,33,33,35,12,30,17,24,20,42,33,43,24,44,34,35
47,47,58,36,39,39,53,39,74,50,43,41,57,44,42,21,44,55,58,73,10,55,41,81,17,49,45,68,25,46,50,53,16,39,33,41,22,54,57,71,94,57,62,67,80,39,36,88,63,41,49,61,60,22,14,15,18,47,54,89,68,38,49,59,33
48,28,56,23,35,56,75,27,124,26,46,25,52,32,51,12,34,62,94,60,14,111,73,104,22,42,69,49,9,69,74,41,4,16,27,24,19,55,58,57,85,41,37,32,70,36,49,67,59,49,59,75,60,14,11,13,11,38,53,58,87,26,65,67,43
49,28,57,24,36,58,79,27,129,26,48,26,52,33,52,12,35,64,97,62,15,116,76,107,23,44,72,51,11,71,77,43,4,16,28,25,19,55,62,57,90,43,37,33,70,37,53,68,60,50,61,77,62,15,11,15,12,39,56,58,89,26,67,70,45
50,30,60,24,39,61,83,30,134,28,50,26,53,34,54,16,40,70,99,66,15,118,78,114,23,49,75,53,13,74,81,48,5,16,30,29,20,57,67,57,102,44,38,34,73,39,58,69,64,52,63,81,68,15,13,15,13,45,61,62,94,30,71,74,48
51,28,54,23,31,54,72,26,115,24,47,25,52,30,49,12,33,61,89,59,14,105,73,99,20,41,70,47,9,60,65,40,3,16,27,24,18,54,58,55,79,41,35,31,65,36,49,62,47,48,49,73,59,14,10,13,9,37,48,51,74,23,61,58,40
52,21,29,20,16,28,52,18,51,24,21,6,22,13,24,11,22,35,44,34,13,48,46,50,17,29,31,20,13,37,40,16,12,20,19,11,5,22,24,33,41,13,29,18,29,18,20,28,40,23,24,26,37,15,10,10,20,16,37,27,35,15,34,43,25
53,30,59,24,38,61,81,30,131,27,50,26,53,33,54,16,39,70,98,64,15,118,78,113,23,48,75,51,13,70,81,47,5,16,30,29,20,56,65,57,99,44,38,34,73,39,57,69,64,52,59,81,67,15,13,15,13,44,60,62,93,29,71,73,47
54,28,56,24,35,58,77,27,126,25,48,26,52,32,52,12,34,64,96,60,15,116,76,106,23,43,72,49,11,67,77,42,4,16,28,25,19,54,60,57,87,43,37,33,70,37,52,68,60,50,57,77,61,15,11,15,12,38,55,58,88,25,67,69,44
55,7,23,6,12,17,28,11,59,11,13,8,21,13,17,6,35,24,31,21,6,49,33,31,29,10,41,21,15,33,37,28,29,8,11,9,4,18,27,15,38,11,10,10,20,17,35,18,57,22,30,30,41,15,24,18,23,15,36,36,34,15,38,45,28
56,28,56,24,35,58,77,27,126,25,48,26,52,32,52,12,34,64,96,60,15,116,76,106,23,43,72,49,11,67,77,43,4,16,28,25,19,54,60,57,88,43,37,33,70,37,52,68,60,50,57,77,61,15,11,15,12,38,56,58,88,25,67,69,44
57,43,55,33,39,38,48,38,68,47,41,39,51,42,35,21,37,53,52,66,8,49,37,72,15,47,40,60,24,43,44,48,14,35,31,41,22,51,50,66,79,53,59,64,73,37,31,79,56,41,43,54,54,17,14,14,17,43,48,79,58,31,45,53,27
58,31,60,24,38,62,82,30,131,27,50,26,54,33,54,17,39,70,99,64,16,119,78,113,23,49,75,52,13,70,81,48,5,16,31,29,20,56,65,58,100,45,38,34,73,39,58,69,64,52,59,82,67,15,14,15,13,44,60,62,94,30,71,73,47
59,28,55,23,34,56,73,27,121,25,46,25,52,31,51,12,33,62,93,58,14,111,73,103,22,41,69,47,9,65,74,41,4,16,27,24,19,54,56,57,83,41,37,32,70,36,48,67,59,49,55,75,59,14,11,13,11,37,53,58,86,25,65,66,42
60,31,60,24,38,62,82,30,131,27,50,26,54,33,54,17,39,70,99,64,16,119,78,113,23,49,75,52,13,70,81,47,5,16,31,29,20,56,65,58,99,45,38,34,73,39,58,69,64,52,59,82,67,15,14,15,13,44,59,62,94,30,71,73,47
61,43,56,33,39,39,50,38,70,47,41,39,51,42,37,21,39,53,54,68,9,53,38,72,17,48,40,63,24,43,48,49,14,35,31,41,22,51,51,69,81,53,61,64,77,37,32,82,59,41,44,57,54,19,14,15,17,44,50,82,61,32,47,53,27
62,30,59,24,38,61,81,30,131,27,50,26,53,33,54,16,39,70,98,64,15,118,78,113,23,48,75,51,13,70,81,48,5,16,30,29,20,56,65,57,100,44,38,34,73,39,57,69,64,52,59,81,67,15,13,15,13,44,61,62,93,29,71,73,47
63,28,21,18,30,19,15,20,38,33,19,18,38,17,6,12,35,19,16,22,4,23,9,19,13,22,15,26,8,28,24,28,8,19,17,25,6,24,15,16,40,37,18,21,37,27,21,52,26,28,23,44,48,5,11,6,11,20,21,33,37,19,33,44,18
64,28,21,18,30,19,15,20,38,33,19,18,38,17,6,13,35,19,16,22,4,23,9,19,13,22,15,26,8,28,24,28,8,19,17,25,7,24,15,16,40,37,18,21,37,27,21,52,26,28,23,44,48,5,11,6,11,20,21,33,38,20,33,44,18
65,24,15,14,24,12,9,18,28,29,14,16,24,12,5,11,24,12,13,14,4,19,7,14,11,16,12,17,5,20,19,21,7,16,13,24,5,20,10,10,25,28,10,16,23,18,16,28,16,20,18,27,35,3,10,5,9,14,17,18,21,15,22,28,10
66,28,21,18,31,20,16,21,41,33,19,18,38,17,7,13,36,21,16,22,4,25,11,20,14,23,17,26,9,29,26,30,9,19,18,25,7,24,16,17,41,37,20,21,37,27,21,53,28,29,25,45,50,6,11,8,11,20,23,34,39,21,35,44,18
67,35,25,25,24,28,19,13,33,32,20,14,26,14,7,12,13,26,17,26,1,25,9,20,0,22,17,21,1,19,11,16,0,26,11,21,6,22,12,24,24,26,21,28,21,18,17,23,18,23,20,31,21,1,0,1,0,10,17,21,19,11,9,20,6
68,28,21,18,33,20,17,21,42,33,19,18,38,19,7,13,39,21,17,22,4,26,12,21,18,24,18,27,9,29,30,32,12,19,18,25,7,24,17,17,45,37,20,21,38,27,24,54,33,29,25,48,53,7,13,9,15,21,27,34,44,24,39,49,23
69,79,81,68,75,89,62,46,85,95,48,75,80,40,43,38,48,83,64,74,9,66,41,103,13,73,66,85,23,56,52,66,8,57,50,88,32,71,57,107,92,107,85,113,114,62,54,111,68,56,63,89,80,11,6,21,15,69,53,110,70,33,60,72,37
70,7,24,6,12,17,29,13,58,11,13,8,22,14,20,6,35,25,34,23,6,48,37,33,32,12,42,21,15,33,37,28,30,9,11,10,4,18,29,15,40,11,11,11,20,17,36,18,57,22,30,30,41,16,25,18,25,17,36,36,34,16,38,46,28
71,31,47,29,46,46,31,22,54,43,34,19,75,33,28,18,28,39,30,56,13,38,21,50,11,40,34,52,12,34,35,29,8,31,29,18,9,45,27,73,46,50,50,61,66,43,36,76,51,38,34,65,66,13,4,17,10,31,40,60,36,25,28,59,28
72,65,41,46,46,43,31,33,40,61,19,32,37,29,20,34,34,35,26,36,13,31,28,32,24,49,33,46,13,31,28,37,7,48,33,42,20,30,36,46,41,50,42,47,43,20,32,46,40,44,22,36,55,8,18,11,19,36,33,40,35,29,29,51,24
73,39,57,27,36,64,76,27,81,31,36,27,34,25,34,25,48,57,72,44,28,100,74,69,48,32,55,49,19,56,90,43,47,23,35,34,14,41,44,45,73,41,39,87,42,23,35,44,57,42,52,44,58,23,47,28,43,28,60,38,60,36,76,49,52
74,7,14,7,17,20,20,10,26,7,14,18,21,11,14,7,15,19,13,22,9,20,12,21,7,14,18,11,0,24,17,21,3,13,4,18,5,20,17,13,29,14,16,23,22,11,9,22,14,21,18,19,21,2,10,2,5,12,17,16,24,12,20,18,8
75,9,14,2,11,15,17,8,18,3,10,3,13,9,7,5,4,15,16,15,3,19,8,17,4,9,14,8,1,16,10,19,2,7,5,2,3,11,12,15,21,4,9,7,16,6,5,12,16,5,10,9,23,1,7,0,2,11,12,11,22,9,18,19,11
76,7,15,7,17,20,21,10,28,7,14,18,21,12,14,7,16,19,14,23,9,22,13,21,7,14,18,11,0,25,18,21,3,13,4,18,5,20,17,13,30,14,16,23,22,11,9,22,16,21,19,21,21,2,10,2,5,12,18,16,26,14,20,18,8
77,37,44,27,33,57,48,22,62,27,29,27,31,20,26,19,37,40,51,34,22,69,50,54,32,34,35,41,14,46,69,34,33,23,28,33,11,30,32,42,57,42,33,38,38,19,30,38,57,39,40,41,42,13,34,22,32,22,46,39,55,27,62,40,43
78,34,36,27,31,47,51,23,52,29,26,24,31,18,21,19,33,42,48,32,9,68,49,41,20,24,34,40,7,36,47,37,19,18,27,31,17,34,30,34,49,36,28,38,33,22,18,32,41,30,37,37,41,13,17,6,18,17,44,34,45,29,40,35,29
79,50,64,33,45,77,89,32,96,36,40,30,42,29,41,21,57,61,90,54,31,117,85,83,53,45,59,59,19,73,104,56,49,25,35,35,21,46,57,61,84,49,43,51,60,28,44,56,68,45,67,58,69,23,54,27,47,33,74,50,75,46,86,59,57
80,35,36,27,32,47,51,23,52,29,26,24,32,19,22,19,34,42,49,32,9,68,50,41,22,24,35,40,8,36,47,38,19,18,27,31,17,34,30,35,49,37,29,39,34,22,19,34,41,32,38,37,41,14,17,7,19,17,44,35,45,29,40,36,30
81,47,58,30,41,68,82,29,81,36,36,29,42,25,37,21,52,55,80,51,29,101,74,78,49,39,56,53,18,67,92,54,45,23,33,35,18,44,50,59,81,49,41,50,60,27,41,56,67,41,56,56,62,21,49,26,44,32,71,50,72,40,81,57,53
82,30,38,28,27,33,35,25,47,42,26,21,24,18,19,22,25,38,34,39,4,37,22,56,8,32,41,36,15,30,26,32,4,19,28,34,16,24,28,55,55,44,42,49,54,26,25,51,38,25,28,36,34,6,4,12,9,35,30,55,42,18,30,37,20
83,33,42,30,31,36,37,26,50,47,26,21,25,20,20,22,29,40,37,40,5,39,23,58,8,36,42,36,16,31,26,34,4,19,30,35,16,24,28,59,56,49,45,51,56,27,26,56,39,28,30,38,39,6,4,14,9,36,30,57,42,21,31,38,20
84,56,67,39,70,62,43,36,65,65,47,40,97,48,32,30,44,65,45,70,5,43,20,53,9,50,29,68,6,45,31,39,5,48,24,47,23,57,39,71,64,74,49,77,84,67,42,89,56,70,45,82,78,3,3,13,6,50,42,74,58,30,30,82,30
85,48,52,28,52,45,32,26,52,51,39,31,71,36,19,26,38,45,34,53,5,35,17,33,8,38,22,45,3,33,20,34,2,34,19,38,20,49,27,47,43,54,33,60,60,55,30,62,46,59,33,64,56,4,1,11,2,34,37,52,46,20,18,66,21
86,54,66,36,68,60,42,36,64,65,46,39,95,45,32,29,43,64,45,68,5,43,18,51,9,48,28,67,6,44,30,37,4,48,24,44,21,56,39,66,63,72,45,71,75,66,42,82,48,68,45,79,77,3,2,13,6,48,41,67,49,29,27,76,30
87,56,55,38,68,64,37,40,68,56,48,43,107,41,31,21,36,60,45,63,3,46,28,63,12,51,39,65,7,52,37,42,4,46,29,45,19,63,38,68,65,76,50,78,82,66,46,96,48,58,47,87,86,2,3,15,6,45,49,68,50,23,36,83,34
88,6,8,2,6,3,6,4,13,6,9,8,8,7,6,5,7,7,7,13,1,8,4,8,4,5,6,8,2,5,7,6,1,4,6,6,2,10,5,7,12,8,4,11,13,8,6,12,9,6,5,10,14,5,0,3,0,10,7,12,6,4,7,9,9
89,1,7,2,4,4,8,4,14,3,7,9,7,6,7,5,10,6,11,11,1,13,4,9,4,6,7,6,2,5,8,10,1,4,7,6,2,8,5,8,14,5,3,13,17,8,6,11,20,3,5,11,16,5,0,3,0,13,11,15,14,7,8,15,12
90,36,34,15,25,29,64,18,78,23,18,13,29,22,29,15,36,38,65,35,11,78,60,65,41,31,47,34,11,46,72,39,31,15,20,16,8,23,45,35,70,21,29,24,41,22,29,41,62,29,43,26,69,11,30,20,32,28,65,39,54,33,48,74,59
91,36,34,15,25,29,62,18,77,24,17,13,29,21,29,15,37,37,64,35,9,76,58,58,39,31,41,33,12,45,68,39,31,15,20,16,8,22,42,33,69,21,27,24,41,22,29,41,62,29,43,27,68,10,30,19,31,28,62,38,56,34,47,74,60
92,37,37,15,30,36,72,18,83,24,18,13,29,22,34,15,38,40,73,37,15,83,70,66,57,35,44,34,15,55,89,43,41,15,20,16,8,23,45,35,78,21,28,24,44,23,36,43,63,30,48,26,75,12,52,23,41,28,69,39,61,38,59,81,70
93,111,110,110,118,106,64,49,122,143,85,94,100,89,45,66,70,86,79,117,17,87,36,93,14,90,63,118,21,73,52,82,9,92,83,94,50,97,59,135,125,140,99,162,146,92,57,157,74,95,79,110,118,20,9,21,11,95,80,131,80,52,48,109,38
94,18,33,9,20,32,44,18,66,13,22,11,24,17,19,5,22,39,42,34,9,62,48,81,11,21,64,35,5,44,48,25,6,10,16,9,7,24,33,51,67,15,41,19,32,20,35,28,26,14,42,33,42,5,13,9,4,25,41,38,30,18,27,31,20
95,66,76,41,83,74,50,43,77,72,56,53,113,54,33,35,48,75,49,80,6,50,24,61,11,60,39,76,8,55,34,46,5,55,35,53,26,70,45,78,71,88,52,87,88,78,52,97,65,79,50,101,90,4,4,16,6,56,50,80,61,30,36,92,32
96,59,70,39,75,67,44,40,72,69,52,45,108,48,33,35,45,68,47,75,5,49,21,55,11,53,35,70,7,50,33,44,4,54,29,50,23,63,40,73,69,82,50,83,84,72,47,93,56,75,50,88,86,3,2,16,6,53,48,75,54,29,31,86,32
97,61,63,63,55,48,38,26,70,81,49,65,57,52,30,25,37,51,52,62,10,49,17,59,8,46,32,55,10,31,32,51,4,62,37,55,25,55,28,84,63,81,53,83,81,53,29,76,38,50,43,59,62,11,7,10,4,54,42,70,36,24,26,52,22
98,107,111,109,120,108,64,49,119,144,83,92,101,88,46,66,70,87,76,117,19,85,37,92,18,89,60,116,22,74,58,83,14,91,81,93,51,95,59,133,127,138,96,160,146,96,57,155,75,94,84,110,114,20,14,23,17,96,81,132,81,52,51,109,38
99,17,33,9,19,32,46,18,65,13,22,11,24,16,18,5,22,38,44,34,9,61,48,80,13,20,63,35,5,48,47,25,6,10,16,9,7,24,32,51,67,15,41,19,31,20,34,27,26,14,40,32,43,5,14,10,4,22,41,37,33,19,31,30,22
100,322,313,281,268,317,208,179,249,335,188,235,278,210,141,129,179,323,213,286,20,222,93,205,27,219,135,210,30,181,106,154,15,276,133,264,142,238,144,228,249,334,191,310,260,179,130,293,189,257,177,313,225,31,14,21,25,229,147,254,206,140,117,199,106
101,7,7,14,19,13,28,9,51,15,12,6,19,12,7,8,31,14,17,19,5,39,25,30,22,14,35,15,5,35,39,20,6,14,10,10,2,15,20,12,36,12,14,11,25,10,24,29,21,30,38,19,34,6,14,9,8,13,25,27,19,10,22,29,18
102,11,17,13,12,17,11,10,32,15,13,12,20,10,7,4,14,12,13,18,5,33,20,28,6,11,29,15,3,14,25,21,6,10,16,13,2,18,17,23,24,22,17,24,16,12,8,20,12,10,21,18,28,2,8,1,9,13,16,12,14,9,20,22,21
103,315,303,275,265,307,204,174,241,329,183,233,274,207,141,129,177,319,205,279,20,213,85,199,23,215,128,207,29,171,102,149,15,271,131,260,140,234,141,223,240,328,185,306,258,177,126,288,182,257,170,309,219,30,14,19,23,228,139,247,202,137,113,194,106
104,7,10,13,17,14,26,10,49,14,10,6,18,12,6,7,32,11,21,16,5,40,26,34,22,12,39,17,6,37,36,18,7,14,10,10,1,12,22,18,32,11,17,14,24,10,24,24,19,29,38,17,33,8,13,9,9,11,21,25,20,10,25,27,20
105,11,15,13,12,16,11,10,31,14,13,12,17,10,7,4,13,12,12,17,5,32,19,26,6,11,27,15,3,13,25,20,6,10,16,13,2,16,17,21,24,22,16,23,15,10,7,20,12,9,19,18,26,2,8,1,9,13,16,11,14,9,20,20,20
106,2,6,2,5,4,6,4,13,3,6,7,8,6,9,4,7,7,6,12,1,9,4,7,4,5,7,6,2,5,7,6,1,3,6,5,2,8,4,7,11,5,3,11,14,6,7,10,9,6,5,9,13,5,0,3,0,10,7,12,6,5,7,7,8
107,8,11,14,19,16,30,10,55,15,13,6,23,13,7,8,33,14,24,19,5,43,28,38,26,15,41,19,7,40,42,22,7,14,11,10,2,15,26,20,36,16,18,14,26,11,26,30,22,31,42,21,37,8,15,11,10,12,25,27,22,11,28,30,21
108,44,32,31,51,44,41,25,72,45,29,22,40,26,26,10,36,43,35,36,11,51,29,50,6,43,30,33,9,42,42,43,6,27,21,22,16,32,33,42,58,38,32,38,39,36,32,45,42,42,49,51,54,7,8,3,14,23,40,48,37,23,36,46,28
109,23,30,16,29,27,23,21,60,30,29,29,35,18,23,20,25,35,28,35,7,33,14,33,7,30,22,28,10,33,23,42,12,25,17,35,10,35,22,45,35,43,24,52,53,21,25,41,36,32,41,33,41,11,8,4,15,24,31,44,34,17,32,41,19
110,18,28,7,24,30,32,12,46,10,8,5,25,19,16,6,29,27,31,24,3,45,41,44,22,16,26,20,11,33,54,36,14,8,10,6,5,19,28,26,51,9,19,13,28,12,16,23,42,27,27,24,42,7,20,12,11,13,43,25,45,19,47,32,25
111,320,309,280,265,312,206,177,247,333,187,235,276,209,141,129,179,322,211,282,20,219,89,202,24,217,132,209,29,176,102,153,15,275,133,262,142,236,141,228,245,333,189,307,259,178,128,291,185,257,173,312,223,30,14,20,23,229,143,249,206,140,115,197,106
112,3,8,2,5,4,9,6,23,3,6,8,9,8,10,5,8,11,6,14,1,13,5,9,5,7,9,6,2,10,12,10,1,4,6,7,3,9,4,10,16,5,6,16,18,7,8,13,13,10,7,11,17,5,1,3,0,10,14,15,9,6,11,9,10
113,3,8,2,5,4,9,6,23,3,6,8,9,8,10,5,8,11,6,14,1,13,5,9,5,7,9,6,2,10,12,10,1,4,6,7,3,9,4,10,16,5,6,16,19,7,8,14,13,10,7,12,16,5,1,3,0,10,14,15,10,6,11,9,10
114,40,38,29,34,42,22,22,54,30,25,28,43,29,16,19,31,35,29,35,4,50,31,36,5,30,30,24,5,27,32,37,12,24,19,35,21,27,28,33,43,49,25,48,33,27,16,40,34,33,36,45,48,4,7,1,14,36,29,30,35,21,36,40,37
115,24,41,7,18,33,40,18,40,11,23,10,27,23,17,10,26,35,46,33,7,44,25,35,6,29,26,36,12,23,13,33,1,10,12,9,14,28,39,38,34,16,32,19,38,17,22,39,33,27,22,28,31,9,2,6,9,19,29,40,30,18,17,36,19
116,83,115,43,73,79,60,44,109,81,55,71,79,71,41,37,62,103,72,88,7,71,30,86,6,63,47,73,14,54,44,66,12,56,38,58,45,77,58,86,93,75,58,78,82,81,44,71,53,85,69,85,83,19,6,3,12,54,66,87,66,52,36,73,39
117,9,26,7,14,24,34,14,59,9,16,8,17,14,22,8,29,19,33,27,17,43,29,32,29,27,22,29,16,40,49,24,34,6,7,15,10,10,25,31,46,17,30,16,34,18,32,34,30,19,46,21,36,18,32,21,24,13,36,30,41,26,33,42,20
118,85,88,58,90,91,65,55,127,84,78,67,111,61,48,43,75,88,79,89,19,84,51,107,33,74,86,90,35,88,59,81,18,62,61,71,29,94,75,95,105,103,78,110,128,82,73,143,96,78,86,130,106,25,16,33,31,71,85,118,88,50,59,116,39
119,19,39,12,18,37,51,19,96,17,23,10,37,15,21,11,51,31,45,39,17,72,63,84,34,31,49,35,23,67,96,45,18,15,16,12,9,35,55,38,75,14,25,19,35,23,41,24,49,34,63,34,74,14,27,13,38,23,56,27,61,30,80,63,50
120,17,18,14,9,21,28,6,35,11,7,3,12,10,9,8,19,13,31,7,10,41,39,16,52,12,22,9,13,23,56,33,41,11,9,5,6,11,22,4,28,3,12,4,3,8,13,9,25,11,25,7,32,16,54,17,29,5,35,11,13,14,39,21,17
121,43,58,44,72,58,84,45,118,63,69,48,72,53,56,31,80,68,73,106,22,86,74,119,29,69,85,145,30,84,76,82,24,34,57,42,34,89,136,96,136,69,67,84,77,59,74,76,89,70,67,80,131,24,18,25,39,53,90,90,106,79,91,106,90
122,29,27,24,40,40,53,16,77,28,32,24,50,23,35,21,48,41,46,43,14,54,37,64,16,37,36,43,13,51,52,59,16,15,25,29,16,42,33,49,86,38,39,50,65,38,33,65,79,31,42,61,82,11,13,15,20,43,68,64,72,43,55,76,50
123,85,85,57,90,89,63,53,121,84,77,67,109,59,47,43,74,86,76,87,19,78,49,107,33,73,84,88,34,85,58,80,19,61,60,70,29,93,74,94,103,103,75,108,128,81,72,142,95,77,83,128,103,25,16,33,31,69,86,116,88,49,57,116,39
124,31,29,24,41,43,56,16,80,28,32,24,51,23,36,21,51,43,48,45,14,57,38,64,16,39,37,44,13,53,52,62,17,15,25,29,16,42,35,51,87,38,40,50,67,39,33,66,87,33,44,63,85,11,13,16,20,45,71,65,77,44,56,82,52
125,7,10,8,15,15,23,11,44,9,14,8,24,9,6,8,31,10,18,20,4,30,20,35,19,18,29,22,7,34,37,22,7,8,9,8,9,19,28,20,33,13,18,18,29,14,22,32,27,24,36,21,34,7,12,9,8,12,27,32,26,12,24,32,20
126,139,63,91,113,96,33,44,69,97,39,78,84,74,33,59,56,51,41,63,12,60,23,49,8,58,44,77,13,72,32,71,13,87,53,91,40,61,36,79,87,103,66,122,87,45,40,87,60,91,60,93,71,14,11,8,14,67,69,75,60,43,49,53,33
127,135,61,86,109,91,27,40,57,94,38,76,78,71,33,62,46,48,41,61,8,50,19,45,20,54,40,73,11,62,34,53,20,87,50,89,37,57,37,71,71,101,59,117,76,40,36,77,60,85,51,86,61,13,21,10,20,62,58,66,55,44,44,48,31
128,135,61,85,108,90,26,40,56,94,37,75,76,70,33,61,46,47,41,60,8,50,19,45,20,54,40,72,11,60,34,52,20,85,50,88,37,57,37,69,70,99,59,116,75,40,35,77,58,85,50,86,58,13,21,10,20,61,57,65,54,43,43,46,31
129,139,61,90,112,93,31,43,67,97,39,78,82,73,32,59,52,50,40,62,11,59,23,48,7,55,43,76,12,70,31,67,13,87,53,90,39,60,36,77,83,103,63,121,86,44,37,86,59,89,60,91,66,13,11,8,12,65,67,72,60,42,44,52,31
130,139,59,86,116,91,24,42,54,97,38,78,80,73,32,60,45,48,35,59,9,49,18,44,6,53,40,74,10,59,24,56,18,87,52,89,37,59,35,74,69,101,59,118,84,45,35,82,58,85,52,87,64,14,9,10,11,62,56,69,58,42,41,50,33
131,135,63,87,110,94,29,41,59,94,38,76,80,72,34,62,50,49,42,62,9,51,19,46,21,57,41,74,12,64,35,57,20,87,50,90,38,58,37,73,75,101,62,118,77,41,39,78,61,87,52,87,66,14,21,10,22,64,60,70,54,45,48,49,33
132,138,64,91,114,98,30,44,64,98,42,76,81,73,36,60,44,50,43,64,13,62,31,47,10,58,46,75,13,64,30,53,15,89,53,90,39,61,39,75,67,104,62,120,78,43,41,80,55,88,56,88,64,14,17,8,13,58,55,70,53,46,35,49,33
133,135,59,88,113,94,26,41,56,94,39,76,81,72,32,60,52,50,37,59,9,51,21,44,11,55,41,74,11,60,28,53,21,87,51,90,36,57,37,73,67,102,62,117,76,43,35,78,58,90,54,85,66,16,17,6,15,57,53,67,57,46,40,53,32
134,138,66,93,116,102,33,45,67,98,43,77,85,75,37,61,48,52,44,66,14,63,31,48,11,61,47,77,14,68,31,57,15,91,53,92,40,62,39,79,71,106,65,122,80,44,45,81,58,90,58,89,72,15,17,8,15,61,56,75,54,48,41,52,35
135,135,61,89,114,97,28,42,58,94,39,76,83,73,33,60,56,51,38,60,10,52,21,45,12,58,42,75,12,62,29,56,21,87,51,91,37,58,37,75,70,102,65,118,77,44,38,79,59,92,55,86,71,17,17,6,17,59,53,71,57,47,45,54,34
136,135,63,87,110,94,29,41,59,94,38,76,80,72,34,62,50,49,42,62,9,51,19,46,21,57,41,74,12,64,35,58,20,87,50,90,38,58,37,73,76,101,62,118,77,41,39,78,61,87,52,87,66,14,21,10,22,64,60,70,55,45,49,49,33
137,134,59,87,110,91,25,41,58,94,38,76,80,71,32,60,52,48,35,60,8,49,17,43,8,56,40,73,13,59,25,57,16,87,50,90,36,58,34,74,71,101,63,119,79,41,39,80,55,89,52,85,67,17,11,6,11,60,54,72,53,42,40,49,30
138,138,64,92,115,99,31,44,65,98,43,77,83,74,36,61,44,51,43,65,13,62,31,47,10,58,46,76,13,66,30,54,15,91,53,91,39,61,39,77,68,106,62,121,79,43,42,80,57,88,57,88,67,14,17,8,13,59,56,71,54,47,36,51,33
139,134,57,86,109,88,23,40,56,94,38,76,78,70,31,60,48,47,34,59,7,48,17,42,7,53,39,72,12,57,24,51,16,87,50,89,35,57,34,72,65,101,60,118,78,40,36,79,54,87,51,84,62,16,11,6,9,58,51,68,53,41,35,48,28
140,135,63,86,109,93,28,41,58,94,37,75,78,71,34,61,50,48,42,61,9,51,19,46,21,57,41,73,12,62,35,57,20,85,50,89,38,58,37,71,75,99,62,117,76,41,38,78,59,87,51,87,63,14,21,10,22,63,59,69,54,44,48,47,33
141,139,61,91,113,94,32,43,68,97,40,79,84,74,32,60,52,51,40,63,11,59,23,48,7,55,43,77,12,72,31,67,13,89,53,91,39,60,36,79,83,105,63,122,87,44,38,86,61,89,61,91,69,13,11,8,12,66,67,73,61,43,45,54,31
142,138,64,92,115,99,31,44,65,98,43,77,83,74,36,61,44,51,43,65,13,62,31,47,10,58,46,76,13,66,30,53,15,91,53,91,39,61,39,77,67,106,62,121,79,43,42,80,57,88,57,88,67,14,17,8,13,59,55,71,54,47,36,51,33
143,135,63,87,110,94,29,41,59,94,38,76,80,72,34,62,50,49,42,62,9,51,19,46,21,57,41,74,12,64,35,57,20,87,50,90,38,58,37,73,75,101,62,118,77,41,39,78,61,87,52,87,66,14,21,10,22,64,59,70,55,45,49,49,33
144,138,66,93,116,102,33,45,67,98,43,77,85,75,37,61,48,52,44,66,14,63,31,48,11,61,47,77,14,68,31,58,15,91,53,92,40,62,39,79,72,106,65,122,80,44,45,81,58,90,58,89,72,15,17,8,15,61,57,75,54,48,41,52,35
145,134,57,86,109,88,23,40,56,94,38,76,78,70,31,60,48,47,34,59,7,48,17,42,7,53,39,72,12,57,24,52,16,87,50,89,35,57,34,72,66,101,60,118,78,40,36,79,54,87,51,84,62,16,11,6,9,58,52,68,53,41,35,48,28
146,91,64,79,74,72,33,47,60,91,34,70,51,54,30,32,29,63,40,47,5,52,17,34,6,50,38,40,6,41,14,39,5,75,40,71,40,54,22,44,39,78,52,59,45,37,20,60,29,64,36,57,54,11,2,4,5,35,33,51,33,32,27,33,21
147,9,18,2,15,19,19,5,27,7,11,5,16,9,9,3,13,14,26,16,2,25,16,23,11,12,8,8,5,20,25,23,4,5,3,6,1,13,13,11,32,10,6,11,12,10,10,12,24,12,19,12,28,1,15,3,3,7,21,20,19,14,17,19,10
148,11,11,7,21,19,19,10,30,14,15,7,18,6,9,7,17,19,14,20,2,22,12,22,11,14,12,13,3,24,29,26,2,12,5,11,4,20,14,16,32,17,9,17,20,5,15,20,12,21,22,22,21,1,14,1,2,6,24,17,21,11,21,12,9
149,9,19,4,16,22,28,5,30,7,12,5,16,10,12,3,12,19,29,17,7,26,17,26,12,16,9,12,5,25,26,26,6,5,4,6,2,13,17,12,38,11,6,11,12,10,14,12,24,12,22,12,28,1,18,2,8,10,21,20,23,14,21,24,12
150,79,106,43,65,75,44,37,72,81,44,59,63,57,30,31,39,89,60,70,3,57,25,50,5,45,23,47,9,35,29,45,7,55,29,50,36,58,34,63,56,71,38,65,59,64,22,55,35,65,50,71,50,14,5,1,5,40,40,59,44,35,22,42,21
151,38,53,42,65,53,77,45,110,58,66,46,70,49,51,30,79,61,67,101,20,81,69,110,28,66,80,139,27,79,72,75,24,31,56,41,34,83,129,89,130,67,61,75,68,58,72,67,82,66,62,78,124,23,18,19,39,49,84,82,102,77,86,102,86
152,19,35,12,24,38,38,13,76,18,28,12,38,15,32,11,32,47,39,39,8,48,29,56,30,25,27,35,7,45,68,40,27,8,13,14,13,44,34,36,54,19,16,31,51,25,30,36,56,29,50,41,53,10,24,8,28,21,48,40,65,33,56,57,38
153,10,23,2,10,23,43,5,43,4,8,2,4,8,15,5,18,20,40,12,18,47,46,46,46,15,35,9,20,33,64,23,41,1,8,2,3,10,30,14,35,3,13,4,12,4,28,12,34,7,25,15,27,14,47,21,42,7,36,15,29,17,52,29,27
154,25,58,68,78,83,87,87,208,52,103,63,132,69,106,36,108,58,141,108,49,125,82,194,63,168,148,140,44,116,93,150,10,71,124,28,30,102,147,140,196,103,89,59,120,73,133,145,119,108,136,118,164,18,40,60,40,84,94,131,154,108,91,159,68
155,82,122,40,83,114,113,47,144,68,68,21,42,63,45,34,68,128,129,66,25,119,63,111,36,64,66,48,21,107,71,69,24,33,39,42,28,55,56,65,117,57,51,46,67,54,51,69,78,72,81,69,113,28,31,21,27,57,83,68,77,51,77,89,60
156,30,28,24,41,42,53,16,78,28,32,24,51,23,35,21,51,41,47,43,14,55,37,64,16,38,36,43,13,52,52,61,17,15,25,29,16,42,34,49,87,38,39,50,66,39,33,66,85,32,43,63,85,11,13,16,20,45,70,65,75,44,56,80,52
157,19,26,19,22,23,14,21,16,25,11,27,25,20,14,4,7,24,15,21,4,16,6,20,3,24,14,19,2,9,10,10,1,31,14,23,6,10,15,25,20,32,20,29,28,18,10,32,18,17,13,26,15,1,1,5,3,22,11,28,11,6,5,18,3
158,10,11,9,9,13,13,6,24,9,10,10,10,7,5,2,9,12,12,13,2,15,10,17,3,14,13,11,3,15,11,13,1,3,12,8,4,14,6,16,19,13,8,12,21,9,15,18,12,6,14,20,12,2,1,3,3,9,16,18,12,6,9,12,6
159,30,28,24,40,41,56,16,79,28,32,24,50,23,36,21,48,43,47,45,14,56,38,64,16,38,37,44,13,52,52,60,16,15,25,29,16,42,34,51,86,38,40,50,66,38,33,65,81,32,43,61,82,11,13,15,20,43,69,64,74,43,55,78,50
160,9,18,2,15,19,18,5,26,7,10,5,16,9,9,3,12,14,25,15,2,24,15,23,10,12,8,8,5,19,24,23,4,5,3,6,1,13,13,11,31,10,6,11,12,9,10,12,22,12,19,11,27,1,15,2,3,7,20,19,18,13,16,19,10
161,34,57,20,40,65,67,17,107,30,40,14,48,22,35,17,52,74,64,55,6,76,42,81,10,35,39,56,8,71,64,59,12,13,18,19,18,58,42,61,88,27,30,47,75,34,47,52,68,40,68,63,79,8,10,6,13,34,57,66,91,47,72,64,57
162,139,61,91,113,94,32,43,68,97,40,79,84,74,32,60,52,51,40,63,11,59,23,48,7,55,43,77,12,72,31,66,13,89,53,91,39,60,36,79,82,105,63,122,87,44,38,86,61,89,61,91,69,13,11,8,12,66,66,73,61,43,45,54,31
163,9,24,6,14,24,32,14,55,7,14,6,16,13,21,7,27,18,32,24,16,43,28,31,29,25,22,26,16,38,49,24,34,5,6,13,9,8,24,31,42,16,28,15,30,14,31,29,24,18,46,18,33,18,32,21,23,12,36,26,31,23,31,33,15
164,134,57,86,109,88,23,40,56,94,38,76,78,70,31,60,48,47,34,59,7,48,17,42,7,53,39,72,12,57,24,53,16,87,50,89,35,57,34,72,67,101,60,118,78,40,36,79,54,87,51,84,62,16,11,6,9,58,53,68,53,41,35,48,28
165,134,59,86,109,90,24,41,57,94,37,75,78,70,32,59,52,47,35,59,8,49,17,43,8,56,40,72,13,57,25,56,16,85,50,89,36,58,34,72,70,99,63,118,78,41,38,80,53,89,51,85,64,17,11,6,11,59,53,71,52,41,39,47,30
166,84,87,59,92,92,66,58,129,84,81,70,113,62,54,42,77,90,83,93,18,86,55,108,44,74,90,92,38,91,65,81,30,62,61,74,32,95,77,96,108,107,80,113,132,84,78,149,114,79,88,130,111,26,21,36,47,73,86,127,102,54,72,134,50
167,160,72,100,119,110,29,44,57,100,40,78,77,81,37,60,44,61,43,60,11,57,21,44,8,59,42,77,12,60,24,56,12,90,54,95,42,63,37,73,69,100,67,125,85,41,37,84,58,91,53,85,61,20,8,9,7,61,60,72,56,43,32,49,30
168,160,74,102,121,114,32,45,60,100,41,79,81,83,38,61,48,63,44,62,12,58,21,45,9,62,43,79,13,64,25,60,12,92,54,97,43,64,37,77,73,102,70,127,87,42,41,85,61,93,55,86,69,21,8,9,9,64,62,77,56,45,37,52,32
169,81,113,39,78,104,105,38,123,64,59,20,38,62,41,34,57,114,118,62,23,112,58,96,33,61,59,45,18,82,64,56,24,32,34,38,27,52,54,62,90,53,49,42,55,44,44,58,56,70,73,54,97,27,29,19,24,52,63,55,56,43,62,72,47
170,139,63,92,114,97,34,44,70,97,40,79,86,75,33,60,56,52,41,64,12,60,23,49,8,58,44,78,13,74,32,69,13,89,53,92,40,61,36,81,85,105,66,123,88,45,41,87,62,91,61,93,74,14,11,8,14,68,68,76,60,44,49,55,33
171,84,87,58,90,91,68,56,137,83,78,66,110,61,52,43,77,87,83,90,21,93,58,111,40,74,88,91,37,94,73,83,30,62,60,71,30,92,76,94,114,103,78,109,127,81,77,143,96,80,89,131,111,25,30,36,37,74,90,118,88,51,70,115,43
172,160,72,101,120,111,30,44,58,100,41,79,79,82,37,61,44,62,43,61,11,57,21,44,8,59,42,78,12,62,24,56,12,92,54,96,42,63,37,75,69,102,67,126,86,41,38,84,60,91,54,85,64,20,8,9,7,62,60,73,57,44,33,51,30
173,81,113,40,82,108,109,33,114,65,53,21,39,62,44,34,53,111,121,62,24,116,57,91,33,63,53,48,19,73,66,52,24,32,32,36,28,53,55,64,80,50,51,39,51,43,43,53,49,72,69,46,99,27,30,21,23,50,56,52,52,42,61,71,46
174,139,63,92,114,97,34,44,70,97,40,79,86,75,33,60,56,52,41,64,12,60,23,49,8,58,44,78,13,74,32,70,13,89,53,92,40,61,36,81,86,105,66,123,88,45,41,87,62,91,61,93,74,14,11,8,14,68,68,76,61,44,50,55,33
175,160,72,101,120,111,30,44,58,100,41,79,79,82,37,61,44,62,43,61,11,57,21,44,8,59,42,78,12,62,24,57,12,92,54,96,42,63,37,75,70,102,67,126,86,41,38,84,60,91,54,85,64,20,8,9,7,62,61,73,57,44,33,51,30
176,139,63,92,114,97,34,44,70,97,40,79,86,75,33,60,56,52,41,64,12,60,23,49,8,58,44,78,13,74,32,70,13,89,53,92,40,61,36,81,86,105,66,123,88,45,41,87,62,91,61,93,74,14,11,8,14,68,69,76,60,44,49,55,33
177,9,25,6,14,24,33,14,56,8,14,7,16,13,21,8,27,19,32,24,16,43,28,31,29,25,22,26,16,38,49,24,34,6,6,14,10,8,24,31,42,16,28,14,31,16,31,29,25,18,46,18,34,18,32,21,23,13,36,28,31,23,31,34,16
178,84,84,58,92,90,64,56,123,84,80,70,111,60,53,42,76,88,80,91,18,80,53,108,44,73,88,90,37,88,64,80,31,61,60,73,32,94,76,95,106,107,77,111,132,83,77,148,113,78,85,128,108,26,21,36,47,72,86,125,102,52,71,134,50
179,160,74,101,120,113,31,45,59,100,40,78,79,82,38,60,48,62,44,61,12,58,21,45,9,62,43,78,13,62,25,60,12,90,54,96,43,64,37,75,73,100,70,126,86,42,40,85,59,93,54,86,66,21,8,9,9,63,61,76,56,44,37,50,32
180,84,84,57,90,89,66,54,131,83,77,66,108,59,51,43,76,85,80,88,21,87,56,111,40,73,86,89,36,91,72,81,31,61,59,70,30,91,75,93,111,103,75,107,127,80,76,142,95,78,87,129,108,25,30,36,37,73,89,116,88,50,68,115,43
181,160,74,102,121,114,32,45,60,100,41,79,81,83,38,61,48,63,44,62,12,58,21,45,9,62,43,79,13,64,25,61,12,92,54,97,43,64,37,77,74,102,70,127,87,42,41,85,61,93,55,86,69,21,8,9,9,64,62,77,57,45,38,52,32
182,135,61,85,108,90,26,40,56,94,37,75,76,70,33,61,46,47,41,60,8,50,19,45,20,54,40,72,11,60,34,53,20,85,50,88,37,57,37,69,71,99,59,116,75,40,35,77,58,85,50,86,58,13,21,10,20,61,58,65,54,43,43,46,31
183,81,118,40,79,110,107,46,136,65,67,21,39,62,41,34,65,122,123,62,25,113,61,105,36,63,66,48,18,100,65,68,24,32,39,42,28,52,54,63,113,57,50,46,64,51,50,67,77,70,78,67,102,27,29,21,27,57,81,67,72,46,70,85,51
184,160,72,101,120,111,30,44,58,100,41,79,79,82,37,61,44,62,43,61,11,57,21,44,8,59,42,78,12,62,24,55,12,92,54,96,42,63,37,75,68,102,67,126,86,41,38,84,60,91,54,85,64,20,8,9,7,62,59,73,57,44,33,51,30
185,135,61,86,109,91,27,40,57,94,38,76,78,71,33,62,46,48,41,61,8,50,19,45,20,54,40,73,11,62,34,54,20,87,50,89,37,57,37,71,72,101,59,117,76,40,36,77,60,85,51,86,61,13,21,10,20,62,59,66,55,44,44,48,31
186,160,74,102,121,114,32,45,60,100,41,79,81,83,38,61,48,63,44,62,12,58,21,45,9,62,43,79,13,64,25,59,12,92,54,97,43,64,37,77,72,102,70,127,87,42,41,85,61,93,55,86,69,21,8,9,9,64,61,77,56,45,37,52,32
187,160,74,102,121,114,32,45,60,100,41,79,81,83,38,61,48,63,44,62,12,58,21,45,9,62,43,79,13,64,25,60,12,92,54,97,43,64,37,77,73,102,70,127,87,42,41,85,61,93,55,86,69,21,8,9,9,64,61,77,57,45,38,52,32
188,134,57,86,109,88,23,40,56,94,38,76,78,70,31,60,48,47,34,59,7,48,17,42,7,53,39,72,12,57,24,52,16,87,50,89,35,57,34,72,66,101,60,118,78,40,36,79,54,87,51,84,62,16,11,6,9,58,52,68,53,41,35,48,28
189,134,59,87,110,91,25,41,58,94,38,76,80,71,32,60,52,48,35,60,8,49,17,43,8,56,40,73,13,59,25,56,16,87,50,90,36,58,34,74,70,101,63,119,79,41,39,80,55,89,52,85,67,17,11,6,11,60,53,72,53,42,40,49,30
190,134,57,85,108,87,22,40,55,94,37,75,76,69,31,59,48,46,34,58,7,48,17,42,7,53,39,71,12,55,24,52,16,85,50,88,35,57,34,70,66,99,60,117,77,40,35,79,52,87,50,84,59,16,11,6,9,57,52,67,52,40,34,46,28
191,84,84,58,92,90,64,54,121,84,79,70,111,60,49,42,75,86,77,91,18,80,51,107,35,73,85,90,35,86,60,80,20,61,59,72,32,94,75,95,106,107,77,111,129,82,74,146,94,78,84,128,106,26,16,34,32,69,86,120,88,50,60,116,42
192,81,115,40,82,110,110,38,127,65,59,21,39,62,44,34,59,117,124,63,24,117,59,98,34,63,59,48,19,88,66,58,24,32,35,38,28,53,55,65,93,53,51,42,57,46,46,59,61,72,75,55,103,27,30,21,24,53,66,58,61,45,66,77,49
193,14,28,7,16,20,33,18,78,12,23,4,26,19,18,12,45,20,38,26,17,53,63,56,39,18,44,26,24,57,66,50,23,12,17,7,5,24,45,21,69,11,27,9,28,18,24,38,44,29,44,27,65,16,32,17,38,26,52,34,37,23,68,48,40
194,81,117,39,78,108,106,46,135,64,67,20,39,62,41,34,65,122,122,62,24,112,61,105,35,62,66,45,18,98,64,67,24,32,38,42,27,52,54,62,110,57,49,46,63,49,48,66,72,70,78,66,101,27,29,19,27,56,78,64,68,47,69,80,51
195,81,118,40,82,113,111,45,138,65,67,21,40,62,44,34,67,125,127,63,25,116,62,107,36,63,66,47,19,103,66,68,24,32,38,42,28,53,55,65,111,57,50,46,65,51,50,66,77,72,79,67,107,27,30,21,27,57,80,66,73,49,73,85,53
196,17,15,15,12,18,21,9,29,17,17,13,20,7,10,2,10,22,19,20,1,23,11,17,2,16,14,16,3,16,9,13,1,15,9,12,3,17,11,16,22,16,16,15,17,19,13,21,18,13,16,25,17,1,2,3,1,6,15,24,15,9,6,18,5
197,3,5,2,7,7,19,5,36,4,8,3,10,3,8,0,8,11,12,9,7,26,21,13,16,9,14,6,8,20,29,20,16,1,3,4,2,6,13,14,15,5,6,10,24,13,15,18,35,4,24,19,15,1,18,8,20,10,22,26,22,5,21,31,15
198,29,52,19,31,57,58,17,96,25,38,14,47,20,36,14,39,65,57,52,8,66,41,75,31,31,36,53,7,64,79,52,29,13,17,17,17,56,41,55,77,24,28,39,68,31,39,48,65,35,61,55,65,10,26,8,29,30,59,56,82,37,76,63,49
199,19,39,12,18,37,52,19,98,17,23,10,37,15,22,11,52,32,45,39,17,73,65,85,34,31,49,35,23,67,98,46,18,15,16,12,9,35,55,39,76,14,25,19,36,23,41,24,50,35,65,34,74,14,27,13,38,24,57,28,61,30,80,63,50
200,17,17,11,20,19,16,12,19,17,13,15,19,12,11,3,19,18,15,21,4,20,7,12,4,19,13,14,2,10,8,12,3,12,6,17,4,13,10,19,16,24,16,23,19,14,15,23,12,19,15,22,21,4,1,7,1,9,10,17,15,13,7,17,12
201,160,72,101,120,111,30,44,58,100,41,79,79,82,37,61,44,62,43,61,11,57,21,44,8,59,42,78,12,62,24,56,12,92,54,96,42,63,37,75,69,102,67,126,86,41,38,84,60,91,54,85,64,20,8,9,7,62,60,73,57,44,33,51,30
202,19,15,18,15,14,14,8,15,22,9,11,13,12,4,4,10,13,11,14,4,11,12,22,2,12,15,12,0,15,9,12,1,15,6,14,6,11,12,21,16,20,13,14,20,9,8,19,7,17,15,13,8,0,5,2,0,10,13,19,7,3,4,8,5
203,2,6,1,3,6,10,5,17,2,7,6,10,2,6,0,9,7,5,12,4,13,8,24,1,5,15,12,8,12,18,10,2,1,2,6,3,10,21,15,14,9,9,10,14,5,10,11,14,7,8,8,16,0,2,7,6,6,8,15,15,4,24,9,12
204,8,19,5,11,21,31,13,54,4,10,3,13,10,20,7,25,15,31,18,16,42,26,28,28,24,20,20,16,38,47,21,34,3,5,11,9,6,21,23,37,11,24,9,23,10,29,24,20,18,44,15,29,18,32,20,23,9,35,20,25,20,29,28,14
205,24,32,4,19,41,64,7,81,6,21,5,11,8,22,6,26,42,65,32,3,82,75,63,42,23,36,16,11,49,86,33,21,4,9,2,7,18,31,19,76,7,14,4,13,14,32,14,49,21,42,19,57,4,30,13,30,15,65,26,40,24,52,51,32
206,167,115,163,99,126,78,81,113,157,80,121,120,94,62,64,74,106,92,117,16,100,52,120,55,110,93,114,26,78,90,93,35,130,97,137,68,97,90,123,136,169,97,152,112,85,61,119,78,104,88,106,99,24,40,28,43,107,93,119,77,50,78,91,45
207,94,65,82,74,74,33,48,62,92,34,71,52,55,30,32,30,63,40,48,5,52,17,35,6,53,39,41,6,43,14,41,5,76,40,74,41,54,23,48,39,78,56,61,47,39,20,59,30,65,37,59,54,11,2,4,5,36,35,50,35,32,28,34,21
208,81,119,40,82,114,111,46,139,65,67,21,40,62,44,34,67,125,128,63,25,117,62,107,36,64,66,48,19,104,66,69,24,32,39,42,28,53,55,65,113,57,51,46,65,51,50,67,77,72,80,67,107,27,30,21,27,57,81,67,73,49,73,85,53
209,25,55,23,32,56,83,35,162,23,49,10,42,31,33,21,80,46,91,54,28,120,129,118,89,41,87,55,46,128,149,106,58,16,40,19,13,51,83,46,155,15,50,22,65,41,59,65,106,46,109,42,119,28,67,42,85,44,119,71,111,47,147,121,80
210,31,19,33,22,26,11,15,24,31,25,30,31,17,12,10,15,19,13,27,7,13,5,17,1,29,8,16,3,14,10,19,2,33,11,32,9,20,4,31,24,42,24,30,33,20,16,36,13,26,13,37,15,1,2,6,4,17,19,28,15,9,11,14,5
211,95,92,76,82,93,72,48,146,84,61,46,102,73,61,41,85,86,83,102,16,95,58,98,36,87,71,93,30,92,75,87,28,64,42,67,40,85,82,79,138,75,83,92,119,71,78,131,99,93,90,110,122,23,27,34,24,82,99,127,85,63,64,104,58
212,38,52,42,63,52,75,44,100,58,66,46,68,47,46,30,78,58,64,100,20,77,68,109,25,65,79,139,27,74,68,73,22,31,56,41,33,83,127,88,129,67,61,85,67,56,72,67,81,65,57,76,117,21,17,19,38,49,82,81,100,72,81,102,82
213,96,92,76,83,93,73,49,146,85,63,46,102,73,61,43,84,88,83,103,16,95,58,97,36,87,71,93,32,92,74,88,28,64,43,69,40,86,82,79,138,76,84,97,121,72,78,134,96,93,90,108,124,24,27,34,25,81,99,126,85,63,64,107,59
214,96,92,76,83,93,73,49,146,85,62,46,102,73,62,43,86,88,83,103,16,95,58,98,36,87,71,93,32,92,75,88,28,64,43,69,40,86,82,79,139,76,84,97,121,71,78,134,99,93,90,110,124,24,27,34,25,84,100,127,85,63,64,107,59
215,92,93,77,84,97,71,48,146,83,65,46,102,74,62,41,87,91,84,102,16,94,57,98,36,85,70,93,30,94,74,86,27,65,41,68,40,86,82,79,136,75,85,96,119,72,74,133,92,94,93,107,125,23,28,32,25,78,94,123,88,69,65,104,60
216,1,2,1,0,2,1,0,7,1,1,0,0,0,1,1,1,3,0,2,0,1,1,0,0,1,0,1,0,5,1,4,0,0,0,1,1,2,1,0,4,0,0,0,1,0,1,0,2,1,0,0,7,0,0,0,0,1,2,1,4,2,7,2,6
217,25,39,12,23,29,49,25,89,18,30,11,31,27,21,17,52,25,50,42,20,76,75,69,39,26,55,30,26,63,79,60,25,18,20,12,16,32,58,34,78,19,31,17,38,21,29,43,46,34,55,33,73,20,33,18,39,35,63,38,43,28,76,51,44
218,21,38,11,20,27,42,21,87,16,28,10,28,26,20,13,50,24,46,36,20,70,72,65,39,21,53,28,25,60,75,56,24,16,18,11,11,30,54,28,74,16,29,17,36,20,27,43,45,32,51,32,70,20,32,18,38,30,60,37,40,27,72,49,42
219,34,34,25,45,48,54,17,88,31,34,25,57,25,37,22,60,44,50,46,16,60,39,66,16,43,37,46,14,57,55,64,18,17,25,30,16,44,36,51,91,43,41,60,70,42,38,74,91,37,49,70,95,13,13,17,21,46,73,71,79,49,59,87,57
220,34,45,22,39,53,46,21,62,27,39,21,34,26,24,23,51,40,65,41,11,69,47,66,22,40,44,40,15,36,48,29,14,22,25,28,13,46,44,39,46,31,38,37,27,23,30,30,32,46,34,31,75,16,14,13,18,25,31,27,37,37,47,46,34
221,48,53,49,68,50,42,28,78,79,49,51,89,41,34,24,54,47,37,76,17,51,38,60,28,51,47,72,11,48,55,67,11,48,32,49,24,61,41,85,92,95,75,104,100,65,36,137,69,49,69,102,71,14,25,12,15,61,54,112,52,31,32,75,21
222,23,38,9,28,36,32,18,70,20,19,16,32,19,18,14,42,32,34,23,17,46,25,48,14,33,32,43,11,43,42,38,8,19,11,17,10,24,33,50,45,21,39,47,66,23,36,60,47,35,55,53,28,8,14,17,12,31,38,65,33,18,25,30,12
223,55,59,47,54,52,55,39,89,62,48,47,65,46,38,25,60,51,61,81,8,69,45,72,11,52,48,68,9,64,43,63,4,29,33,57,38,73,56,73,87,69,61,83,82,50,32,83,68,58,58,71,81,10,6,11,5,52,52,83,87,49,58,67,64
224,51,77,42,77,78,54,36,83,65,47,37,110,53,37,30,47,71,47,82,10,56,31,71,12,70,41,66,15,50,51,55,6,46,40,37,22,72,52,83,73,64,60,80,88,77,46,92,76,70,56,97,95,9,5,19,10,54,64,87,48,35,37,81,37
225,51,80,39,73,79,53,35,81,59,46,35,102,53,36,29,46,76,44,78,10,52,28,64,12,68,39,64,13,46,45,54,5,44,39,33,22,65,48,82,71,61,59,78,85,72,44,90,69,71,50,92,90,9,4,18,9,49,61,86,44,36,35,72,36
226,33,57,21,41,56,65,54,127,29,57,24,75,34,53,36,75,60,81,60,28,92,66,142,48,54,97,88,35,94,104,69,37,31,66,20,19,73,75,90,123,37,63,25,78,45,72,68,84,48,93,63,119,29,51,31,36,70,69,74,88,56,89,98,62
227,5,9,4,3,7,12,10,12,4,14,7,7,4,2,0,4,7,10,15,4,13,8,15,3,11,13,10,4,9,8,11,2,2,5,10,4,14,11,18,9,8,15,21,23,8,8,18,9,2,9,11,4,1,3,3,5,5,14,19,6,2,4,9,4
228,12,14,7,25,22,21,11,36,15,19,10,20,9,10,9,19,21,17,24,3,26,16,26,12,18,14,18,5,26,33,31,5,13,7,14,4,24,18,20,37,19,11,20,24,8,19,21,18,22,26,24,28,2,16,3,4,8,30,21,24,15,23,18,12
229,12,14,7,25,22,20,11,35,15,18,10,20,9,10,9,18,21,16,23,3,25,15,26,11,18,14,18,5,25,32,31,5,13,7,14,4,24,18,20,36,19,11,20,24,7,19,21,16,22,26,23,27,2,16,2,4,8,29,20,23,14,22,18,12
230,11,11,7,21,19,20,10,31,14,16,7,18,6,9,7,18,19,15,21,2,23,13,22,12,14,12,13,3,25,30,26,2,12,5,11,4,20,14,16,33,17,9,17,20,6,15,20,14,21,22,23,22,1,14,2,2,6,25,18,22,12,22,12,9
231,251,160,210,159,141,85,108,123,261,106,230,181,127,51,107,89,146,85,156,8,96,41,121,8,130,80,167,11,78,60,88,3,195,103,239,119,159,76,179,124,303,133,296,178,122,82,196,113,160,94,174,118,7,4,13,6,126,86,200,107,75,45,111,50
232,84,84,57,90,89,66,54,131,83,77,66,108,59,51,43,76,85,80,88,21,87,56,111,40,73,86,89,36,91,72,82,31,61,59,70,30,91,75,93,112,103,75,107,127,80,76,142,95,78,87,129,108,25,30,36,37,73,90,116,88,50,68,115,43
233,64,112,54,64,110,143,55,216,62,54,40,87,58,81,38,110,126,138,107,20,186,133,159,33,83,106,96,28,130,134,106,29,44,43,54,45,75,125,95,171,63,69,61,109,60,73,92,144,82,122,96,176,24,29,33,25,82,112,106,173,98,137,139,133
234,8,27,8,14,24,26,9,49,12,14,9,28,13,12,8,39,22,28,18,10,42,40,39,20,14,39,19,18,29,34,24,25,6,13,10,5,26,27,13,33,11,9,10,18,20,40,16,54,26,25,33,44,13,23,11,27,15,24,38,37,16,41,51,28
235,8,29,8,13,24,28,10,51,13,15,9,27,13,17,8,37,26,31,20,12,41,38,42,23,16,41,18,21,30,34,28,28,7,13,11,4,26,30,14,36,12,12,10,20,19,40,19,55,27,26,32,41,13,28,12,32,15,28,40,36,18,39,52,31
236,24,33,23,32,37,18,25,41,26,37,29,39,25,19,12,18,31,25,43,9,25,15,35,13,36,24,33,19,30,24,22,5,28,29,26,8,37,24,32,39,33,27,36,43,34,31,45,31,26,32,33,38,10,6,15,15,22,27,45,25,15,16,47,18
237,15,10,7,16,11,11,7,19,12,2,5,14,10,10,5,8,8,13,7,5,13,9,18,4,6,11,19,4,21,11,17,1,8,1,7,7,6,12,14,28,9,11,14,17,9,15,16,26,10,12,11,24,4,4,3,3,9,20,24,23,10,14,26,19
238,68,60,41,55,47,31,30,71,69,43,53,44,40,29,29,55,60,32,58,12,33,28,68,10,45,44,66,22,40,35,56,10,36,45,46,25,53,58,73,67,62,44,70,90,57,33,77,50,59,53,53,59,15,10,17,12,52,44,77,58,27,34,68,33
239,41,27,29,19,25,14,20,18,38,17,24,20,12,13,12,14,26,11,29,4,14,9,24,1,25,15,29,6,11,13,15,5,22,22,31,9,23,22,25,25,32,16,31,34,21,14,26,13,12,19,23,15,3,4,4,5,23,16,24,18,11,5,22,4
240,12,16,7,11,12,30,13,39,9,13,5,14,13,11,1,18,30,18,12,11,29,17,19,10,3,15,11,7,33,25,17,13,7,9,4,6,14,11,16,16,8,5,4,13,11,10,6,11,17,25,13,27,7,19,1,13,5,16,8,16,14,27,15,23
241,11,13,5,8,11,25,10,33,6,8,4,11,9,8,1,13,24,15,8,8,26,15,15,10,2,15,5,7,28,21,11,12,5,6,4,5,9,10,10,8,5,4,3,11,9,8,6,9,12,20,13,20,6,18,1,11,4,10,7,12,9,23,11,17
242,12,16,6,10,12,26,13,35,8,12,5,12,12,8,1,16,26,17,10,10,27,15,16,10,3,15,10,7,31,21,16,12,7,8,4,6,13,11,13,13,7,5,3,11,9,10,6,10,14,22,13,24,6,18,1,13,4,14,7,15,13,25,14,21
243,58,91,40,64,87,122,45,217,57,55,24,84,51,68,31,101,94,129,101,17,191,129,154,53,69,111,67,39,121,158,146,63,37,38,40,26,76,102,79,209,51,60,50,84,57,85,76,107,79,124,98,167,20,52,33,66,62,157,99,114,92,154,101,102
244,50,82,34,55,76,114,38,202,48,48,22,77,47,63,26,96,84,118,95,16,178,123,144,50,59,102,57,35,114,152,129,61,33,37,31,20,65,91,71,197,45,48,42,71,53,77,62,93,72,120,85,156,17,51,32,61,57,142,85,103,89,142,89,98
245,62,79,41,55,71,68,36,68,42,41,40,54,62,37,23,56,70,84,56,14,82,59,64,22,47,42,41,10,43,42,40,18,41,35,30,34,50,39,39,72,48,30,36,49,38,35,59,57,63,43,62,56,16,8,15,26,53,48,54,56,37,44,57,39
246,68,83,43,63,79,77,37,78,45,43,42,62,65,44,26,62,76,94,58,18,88,69,72,32,50,50,46,12,56,48,44,23,43,38,31,37,52,43,43,81,51,35,41,52,47,41,65,63,70,46,75,65,20,13,15,38,56,58,59,61,42,54,68,45
247,66,86,46,61,79,77,36,80,47,43,42,63,67,42,26,63,78,91,62,17,88,66,69,29,49,47,52,12,57,48,44,22,45,38,32,36,51,43,46,87,53,35,46,57,47,44,68,69,70,48,75,65,20,12,15,34,58,59,63,70,41,52,76,48
248,64,80,42,60,72,70,36,72,45,42,41,59,65,38,24,60,70,87,58,14,86,60,68,23,47,46,43,11,46,44,43,18,43,35,31,34,52,40,43,76,50,34,41,53,42,37,64,60,68,45,70,59,16,9,15,27,54,51,57,60,40,46,60,40
249,63,79,42,59,71,68,36,72,45,42,40,58,64,37,24,60,70,85,56,14,83,60,67,23,47,45,43,11,46,43,42,18,42,35,31,34,51,40,42,74,50,34,40,52,42,36,64,60,67,45,69,59,16,8,15,28,54,51,57,57,39,45,60,40
250,27,19,29,18,16,17,8,36,29,15,17,23,21,10,8,17,18,19,21,4,21,16,21,14,17,11,17,1,22,26,18,8,22,5,18,15,19,15,20,22,29,17,22,25,13,7,33,17,28,23,24,19,4,13,3,6,16,17,23,22,8,20,19,10
251,31,16,30,22,14,16,8,26,32,13,16,24,22,11,5,17,16,17,19,6,19,18,21,12,12,9,16,2,19,26,18,8,28,3,17,9,16,15,15,27,26,12,20,27,14,7,33,15,30,20,23,14,1,16,4,6,12,17,27,22,10,17,15,5
252,9,14,5,16,27,34,5,22,5,11,3,7,3,7,7,12,28,20,13,5,33,15,25,20,13,26,8,6,14,32,16,13,4,4,6,6,7,19,14,22,4,16,16,21,11,14,22,14,6,14,13,24,9,16,11,9,9,23,14,17,5,23,22,14
253,1617,1327,1481,1067,1318,1008,945,1401,1596,925,1316,1344,961,630,778,987,1297,980,1382,186,1144,645,1272,280,1213,866,1517,316,973,850,1120,215,1347,852,1540,789,1253,1186,1376,1515,1763,1177,1909,1416,825,737,1440,1044,1207,1034,1311,1238,255,254,235,251,1101,1025,1404,1203,784,843,1065,625
254,56,51,29,33,54,60,31,73,27,38,25,53,32,32,25,57,51,69,50,11,94,34,51,17,29,51,33,14,44,42,36,11,35,26,30,18,50,31,36,52,30,37,26,36,28,32,37,36,49,39,44,80,15,12,10,15,24,35,35,45,53,46,41,31
255,55,52,29,33,56,58,30,73,26,38,25,52,32,30,24,54,50,69,47,11,92,34,50,16,31,48,31,14,43,41,34,11,35,26,29,17,49,29,35,48,29,39,28,35,27,29,39,32,49,39,41,79,15,12,10,14,21,31,36,42,51,46,37,30
256,13,14,16,12,15,11,11,19,19,12,8,20,8,9,12,10,13,15,16,1,12,8,26,0,20,14,10,2,10,9,12,0,18,7,15,7,8,19,16,22,20,14,13,18,13,8,21,11,20,13,19,9,1,1,0,1,12,12,25,6,6,4,6,3
257,14,20,11,11,14,26,19,31,15,17,11,29,13,14,18,15,18,32,19,7,25,18,32,9,18,17,20,4,28,16,17,3,14,14,20,10,24,14,25,25,24,16,19,28,9,15,23,23,24,22,28,12,3,5,7,8,19,27,25,15,14,10,11,6
258,29,16,25,17,14,25,10,33,23,10,12,26,21,17,15,16,17,19,25,6,25,12,23,3,24,15,17,8,16,17,12,4,25,17,13,6,16,14,23,23,15,15,13,25,14,16,19,12,35,17,20,19,8,5,5,3,13,13,20,19,12,14,15,18
259,20,51,17,39,69,65,30,98,20,32,15,46,18,47,19,42,68,68,45,15,93,57,69,17,46,51,37,11,56,60,37,7,20,24,21,16,36,43,42,67,16,35,13,46,41,43,35,55,46,61,53,64,21,9,7,13,26,45,46,64,32,45,65,44
260,17,30,12,16,32,21,9,38,13,20,18,24,13,6,18,14,31,18,22,6,25,10,26,5,24,23,26,7,20,15,14,2,18,16,17,7,12,21,24,33,27,22,30,27,19,23,35,15,24,18,35,14,6,4,8,2,17,17,23,23,3,12,24,4
261,50,72,26,63,81,33,28,81,44,34,20,42,36,33,14,41,74,45,43,9,55,32,57,13,45,42,41,3,48,38,50,4,25,28,17,16,56,36,44,55,33,32,40,48,25,35,52,38,50,54,64,56,11,10,4,4,29,37,43,48,31,38,39,26
262,48,69,25,64,78,33,28,82,42,34,21,42,38,34,14,42,75,44,41,9,53,33,58,14,43,41,41,4,48,40,50,4,25,29,16,16,54,36,44,55,33,29,38,47,26,34,49,36,52,53,63,58,12,10,4,5,28,40,41,45,32,39,37,25
263,103,111,74,119,141,153,62,274,89,85,50,120,74,80,38,121,114,128,152,33,169,131,261,45,137,135,153,31,208,212,211,49,45,59,73,47,116,157,165,339,91,119,123,203,93,120,175,267,102,180,161,191,25,30,42,62,93,268,221,273,93,203,230,111
264,99,109,74,114,138,151,60,264,87,85,49,117,72,76,37,116,111,128,149,31,166,127,252,45,131,132,147,31,203,203,209,48,43,58,73,46,114,154,158,331,90,113,118,197,92,115,169,262,99,174,153,186,25,30,41,61,89,263,215,268,89,198,228,109
265,47,59,43,64,76,95,39,186,53,49,30,86,37,48,20,82,64,70,88,28,102,75,169,38,79,90,101,26,150,149,166,41,30,42,34,26,72,96,115,242,55,74,77,148,62,84,128,211,52,123,113,130,20,29,36,50,58,205,150,213,57,151,185,78
266,103,110,74,119,141,154,62,279,89,86,49,119,73,75,38,117,114,127,150,32,171,126,258,41,137,132,150,32,212,211,217,45,45,59,73,46,116,154,164,340,90,115,118,204,93,122,172,269,100,180,162,192,21,26,43,60,92,270,217,279,90,208,233,115
267,96,90,70,133,107,119,63,225,92,64,41,109,94,68,44,108,96,110,107,28,155,100,185,45,93,103,111,27,170,172,182,47,57,50,61,49,83,109,118,273,83,90,83,158,82,82,153,232,124,148,146,152,27,33,38,52,83,225,175,226,75,168,187,98
268,95,87,70,130,105,117,63,221,92,63,42,106,90,68,43,110,93,109,105,28,151,102,188,45,93,102,113,27,169,173,178,47,56,50,61,50,82,109,120,272,82,93,83,156,82,81,151,230,121,148,145,147,26,33,38,52,82,223,175,226,76,165,184,95
269,94,104,70,107,129,146,56,257,81,79,47,112,71,74,36,110,106,122,143,30,158,125,244,43,125,125,140,30,197,198,199,48,39,54,70,46,109,148,150,319,86,107,111,184,86,110,157,256,96,167,145,179,25,28,40,60,85,255,205,260,86,194,219,104
270,103,111,74,119,141,153,62,272,89,85,49,120,74,77,38,118,113,128,150,33,169,128,256,45,136,133,149,31,208,209,211,49,45,59,73,46,116,154,162,334,90,115,119,200,93,120,170,265,100,179,160,191,26,30,42,62,91,268,216,269,91,202,229,111
271,31,47,19,36,46,35,24,66,22,31,20,56,34,22,12,38,49,32,46,6,43,17,49,1,38,30,34,5,39,31,48,3,23,18,21,13,52,38,35,51,31,20,28,45,23,30,41,26,40,46,49,59,4,3,5,3,22,36,39,39,38,36,27,22
272,101,109,73,117,138,152,61,270,86,83,47,118,75,77,37,117,111,127,148,33,168,127,254,45,134,131,147,30,206,209,206,49,43,59,70,46,114,152,160,329,87,112,116,197,91,118,166,265,99,176,157,191,26,30,42,61,91,264,213,268,91,202,227,110
273,49,71,26,64,82,40,27,85,42,40,20,42,37,33,12,43,76,54,42,11,61,43,69,14,44,45,44,3,52,45,52,4,25,27,17,14,58,40,45,64,34,32,38,46,26,37,50,39,51,57,64,59,11,13,4,4,28,42,47,49,32,41,39,25
274,31,55,21,39,55,47,26,84,23,39,25,61,37,24,18,40,64,43,54,5,55,21,62,3,44,33,38,7,49,44,46,3,26,22,26,16,56,41,43,59,38,29,27,42,28,29,41,25,45,56,55,66,4,6,4,4,23,38,38,44,45,42,27,23
275,31,54,21,39,54,47,26,82,23,38,24,61,37,23,17,40,62,42,54,5,55,21,60,3,43,33,37,7,49,43,43,3,26,22,24,16,56,41,41,55,37,28,26,40,27,28,41,24,45,55,54,66,4,6,4,4,22,36,36,41,44,41,26,23
276,126,88,125,88,94,45,54,67,138,43,87,73,69,36,45,39,73,48,84,4,63,22,53,6,69,39,78,8,52,35,50,6,102,48,106,51,73,44,80,69,108,62,128,110,54,41,95,53,82,45,85,51,8,5,9,2,62,61,104,51,33,32,39,17
277,125,86,122,88,92,45,54,65,135,40,87,71,69,36,45,39,71,48,82,3,63,22,51,6,68,37,75,8,51,35,48,6,101,47,106,50,72,43,75,67,103,60,120,104,53,39,87,51,82,45,81,51,8,5,8,2,62,58,99,49,33,32,37,17
278,47,55,43,64,74,90,38,186,52,46,29,84,36,47,20,82,61,66,84,26,100,71,165,36,78,87,96,25,148,148,163,41,30,40,34,26,67,93,110,240,54,72,77,145,61,82,127,210,52,121,113,130,20,28,33,49,58,204,149,209,55,149,184,77
279,126,93,133,71,93,65,74,98,129,75,95,83,75,34,42,65,88,56,102,17,57,31,81,9,117,57,133,30,64,34,89,16,106,67,120,48,78,76,134,124,140,127,158,128,55,73,142,63,78,64,106,65,18,15,14,24,77,78,126,77,39,45,82,32
280,126,93,133,71,93,65,74,98,129,75,95,83,75,34,42,65,87,56,103,17,57,31,81,9,117,57,133,30,65,34,89,16,106,67,120,48,78,76,134,125,140,127,158,128,55,73,142,63,78,64,106,65,18,15,14,24,77,79,126,77,39,45,82,32
281,128,95,134,70,94,65,75,95,131,75,92,83,74,34,41,63,88,55,105,17,57,30,79,10,117,56,134,29,63,35,91,14,106,66,122,46,78,79,136,123,141,123,159,126,54,74,133,62,77,65,101,64,18,14,15,22,74,78,119,82,39,45,84,32
282,13,34,5,15,28,21,10,52,10,9,5,19,16,14,6,30,22,34,18,4,43,18,19,8,18,16,25,8,28,20,22,13,9,8,7,1,13,20,16,37,9,15,10,20,11,26,21,27,19,26,27,44,6,6,5,17,20,26,21,21,21,26,35,17
283,131,87,123,90,97,46,56,70,134,44,87,75,69,45,46,41,81,51,83,3,61,26,61,4,70,40,80,9,53,35,47,3,100,49,109,51,76,47,75,74,106,60,125,117,55,43,100,57,86,44,90,52,7,2,8,2,67,64,103,58,37,28,47,21
284,49,47,52,67,54,36,40,78,60,42,46,90,52,38,29,40,60,29,59,13,48,21,56,13,49,42,51,15,49,46,60,17,55,33,55,25,55,32,54,85,71,51,65,76,58,41,90,64,59,57,79,80,12,9,21,17,50,54,72,67,37,53,74,26
285,133,92,129,93,101,49,57,74,140,48,88,80,73,45,47,41,83,53,89,5,64,26,65,4,73,44,83,9,57,36,53,4,103,50,111,53,78,49,85,79,114,63,137,127,57,47,109,64,87,47,96,54,9,2,9,2,69,69,115,63,37,32,50,22
286,17,28,8,20,33,26,12,47,13,29,6,7,10,15,1,18,33,38,24,4,48,17,33,11,16,20,12,6,22,34,26,12,9,7,7,4,24,16,26,29,15,23,11,14,7,8,20,16,14,32,12,34,7,8,4,14,8,22,13,19,15,32,20,17
287,84,93,62,79,100,107,56,168,88,86,54,86,46,73,50,107,111,103,106,34,140,75,131,41,81,86,85,33,94,123,81,36,51,71,59,40,112,87,96,106,83,64,98,99,67,62,91,96,115,97,95,135,39,37,24,45,55,94,99,93,69,107,98,70
288,110,65,78,97,79,43,54,94,95,58,83,82,66,33,51,72,68,50,60,20,63,42,66,19,74,50,91,18,64,48,70,22,80,55,77,54,66,50,72,101,94,76,106,90,78,54,112,74,82,63,112,90,17,15,26,22,68,75,97,77,57,52,80,48
289,110,65,78,97,79,43,54,94,95,58,82,82,66,33,50,72,68,50,60,20,63,42,66,19,74,50,91,18,64,48,70,22,79,55,77,53,66,50,72,101,94,76,106,90,78,54,112,74,82,63,112,90,17,15,26,22,67,75,97,77,57,52,80,48
290,4,27,2,12,26,31,11,81,5,16,3,19,10,16,9,57,24,35,19,12,50,44,51,30,19,29,14,23,56,67,49,48,3,16,4,2,26,30,15,61,2,13,3,20,12,26,16,56,20,62,30,60,20,38,18,38,20,49,21,51,35,72,42,39
291,4,23,2,11,23,27,9,69,4,16,3,19,9,13,8,54,20,29,19,11,41,36,43,29,17,27,14,22,50,57,49,47,3,15,3,1,25,27,15,57,2,13,3,18,12,25,15,52,19,55,27,55,19,36,19,36,19,44,18,49,30,69,41,37
292,84,121,52,80,125,135,81,154,65,79,45,81,63,63,40,74,132,141,108,17,176,100,149,22,88,107,92,15,99,99,80,19,56,60,56,46,106,107,87,125,55,78,71,87,53,53,78,81,83,96,84,123,15,26,13,20,71,85,83,95,68,90,80,65
293,76,93,63,93,89,83,63,133,94,77,81,84,65,61,53,81,85,96,99,29,95,60,122,37,92,82,109,42,91,76,82,18,81,75,62,40,87,73,123,134,91,94,135,156,75,88,157,91,85,72,115,115,32,23,36,36,80,104,132,98,59,69,121,52
294,46,38,45,37,37,27,30,42,51,42,39,46,32,16,23,20,38,21,59,2,34,10,43,4,40,35,31,7,21,25,29,2,39,31,49,19,52,22,54,34,60,34,42,54,28,26,45,29,37,26,56,27,3,3,5,4,38,31,41,26,14,17,26,16
295,50,42,45,40,42,32,32,43,50,42,39,46,34,15,23,20,44,24,57,2,39,12,41,4,40,35,33,7,22,25,28,1,39,32,50,19,51,23,53,32,60,34,42,53,28,26,45,26,40,26,56,28,2,3,5,4,36,30,39,25,15,17,25,15
296,45,68,27,52,73,82,62,159,36,71,29,86,39,64,46,83,73,110,70,32,136,113,170,59,67,111,106,41,100,144,84,38,46,68,28,27,87,98,101,143,42,77,32,101,52,81,91,98,58,100,79,145,36,52,32,46,78,99,83,108,62,111,126,78
297,45,66,27,51,71,74,60,154,35,71,28,86,39,59,45,83,70,103,67,30,128,101,159,56,66,104,103,39,95,136,82,38,45,66,28,25,85,94,99,132,42,75,32,99,52,76,89,96,57,97,77,145,35,48,32,44,75,93,78,105,61,109,124,75
298,33,43,21,30,49,50,34,99,25,45,25,55,21,38,25,59,44,75,41,14,86,69,112,28,40,67,73,18,60,84,46,18,31,37,24,17,60,56,69,86,26,56,23,71,37,48,60,57,40,54,59,90,20,21,14,21,45,67,50,68,38,63,78,49
299,128,150,76,125,144,139,77,195,102,81,75,101,105,84,75,132,163,138,119,27,162,96,145,44,93,91,132,39,130,122,107,29,88,81,73,59,108,120,92,190,95,76,110,137,66,85,144,139,168,119,124,141,40,27,27,44,94,139,155,127,93,102,118,80
300,179,133,116,140,122,88,82,135,160,83,86,142,107,93,55,101,139,107,131,20,103,67,129,43,89,84,102,29,96,84,122,18,105,66,92,73,129,97,114,145,123,68,115,162,111,74,147,124,128,109,139,134,27,22,29,30,129,106,144,122,64,81,141,77
301,5,14,6,9,16,10,11,11,9,4,3,12,4,7,3,7,10,14,9,2,9,4,12,3,17,5,15,2,12,5,10,1,5,10,5,3,8,9,11,18,6,7,8,20,8,13,17,11,5,9,11,14,2,0,4,2,6,15,20,11,8,4,15,3
302,83,120,50,76,123,134,75,146,62,74,43,76,61,59,40,73,129,137,104,17,175,95,142,21,82,103,87,15,92,98,77,17,51,57,55,45,101,103,84,119,53,75,71,84,50,49,73,77,81,91,78,118,14,27,12,18,69,80,83,87,66,87,70,61
303,128,95,136,72,95,65,75,98,132,76,96,88,76,34,43,65,88,56,105,17,58,31,83,10,118,59,140,31,65,36,94,16,107,68,123,49,79,79,141,130,145,130,165,131,58,77,143,65,80,66,107,66,18,15,15,25,77,83,127,83,39,46,89,33
304,128,95,136,72,95,65,75,98,132,76,96,88,76,34,43,65,87,56,106,17,58,31,83,10,118,59,140,31,66,36,94,16,107,68,123,49,79,79,141,131,145,130,165,131,58,77,143,65,80,66,107,66,18,15,15,25,77,84,127,83,39,46,89,33
305,85,122,50,77,124,138,76,150,62,76,44,78,63,60,41,75,132,140,106,18,178,100,145,23,83,106,89,15,95,100,82,18,52,57,55,47,103,107,86,122,54,75,71,85,51,50,73,79,81,94,80,122,14,29,12,20,73,83,82,89,68,90,73,63
306,128,95,134,70,94,65,75,95,131,75,92,83,74,34,41,63,87,55,106,17,57,30,79,10,117,56,134,29,64,35,91,14,106,66,122,46,78,79,136,124,141,123,159,126,54,74,133,62,77,65,101,64,18,14,15,22,74,79,119,82,39,45,84,32
307,83,90,62,78,99,101,54,164,86,81,54,83,45,71,48,104,110,99,95,34,133,71,126,41,79,84,84,30,91,117,81,34,49,69,59,40,106,81,94,103,82,64,98,98,66,62,91,95,111,93,95,132,37,36,24,43,55,92,99,90,67,103,96,68
308,19,35,11,22,38,22,14,49,14,23,9,19,16,14,12,26,29,40,21,4,32,24,46,8,26,26,19,9,36,20,28,7,10,13,13,10,22,16,29,46,21,25,12,26,12,26,29,27,26,25,23,40,6,7,6,9,21,36,24,24,13,23,37,18
309,18,30,11,30,37,24,17,67,15,30,8,20,19,18,12,35,33,45,21,4,36,26,56,10,27,32,15,10,50,25,37,8,11,14,13,10,24,15,32,57,24,25,16,32,14,30,35,39,28,39,36,47,6,8,7,11,27,45,27,33,21,28,42,24
310,20,33,11,30,39,25,18,67,16,32,9,21,19,18,12,36,34,48,23,4,36,26,61,10,29,33,19,10,51,26,39,8,11,16,13,10,26,16,37,62,25,27,16,35,16,32,36,41,28,39,36,49,6,8,7,11,28,47,32,34,21,30,43,24
311,20,33,11,29,39,25,17,63,16,30,9,21,18,18,12,34,33,47,23,4,36,26,58,10,29,32,19,9,47,25,37,8,11,15,13,10,26,16,36,58,24,27,15,34,15,31,35,36,28,36,33,48,6,8,7,10,26,44,31,31,20,29,40,23
312,19,35,11,25,38,22,17,61,14,29,9,19,19,14,12,32,32,43,21,4,32,26,56,9,26,31,19,10,48,23,34,7,10,16,13,10,22,16,32,59,24,25,15,32,15,29,35,40,26,34,32,43,6,7,6,11,27,44,30,33,16,27,44,21
313,17,29,11,25,35,22,13,54,14,25,9,19,16,16,11,29,29,42,18,4,32,24,49,8,24,24,18,7,40,23,28,8,10,13,11,10,25,13,31,43,20,24,12,28,12,23,29,30,27,30,26,42,5,7,6,9,21,37,23,25,17,25,34,19
314,17,26,11,31,33,21,16,68,15,31,8,18,20,17,11,35,32,43,17,4,32,26,57,10,24,30,14,8,51,26,36,8,11,14,11,10,24,12,32,55,23,23,16,33,14,27,35,42,27,41,39,43,5,7,7,11,28,46,26,33,21,27,39,23
315,49,68,25,63,77,35,26,82,42,35,20,41,37,33,12,43,73,47,40,10,56,37,60,13,41,40,40,3,49,42,50,4,25,27,16,13,54,34,45,56,33,31,38,46,25,31,49,38,51,56,61,58,11,11,4,4,28,40,44,44,32,38,36,25
316,20,33,11,30,39,25,18,67,16,32,9,21,19,18,12,36,34,48,23,4,36,26,61,10,29,33,19,10,51,26,39,8,11,16,13,10,26,16,37,62,25,27,16,36,16,32,37,41,28,39,36,49,6,8,7,11,28,47,33,34,21,30,43,24
317,20,33,11,31,39,25,19,71,16,34,9,21,20,18,12,38,35,49,23,4,36,27,64,11,29,35,19,10,55,27,41,8,11,17,13,10,26,16,38,66,26,27,17,38,17,33,39,45,28,42,39,50,6,8,7,12,30,49,35,37,22,32,45,25
318,50,48,52,68,54,37,40,81,61,45,48,91,53,38,32,40,61,31,60,14,50,22,59,14,50,44,52,15,49,48,61,17,57,34,57,25,58,33,55,86,72,53,72,82,59,41,96,64,60,60,79,81,12,9,23,17,53,54,75,68,37,53,76,26
319,49,69,25,64,79,35,26,84,42,36,20,42,37,33,12,43,74,47,41,10,56,39,63,13,43,43,43,3,50,42,52,4,25,27,16,13,56,38,45,59,33,31,38,46,25,35,49,39,51,57,64,58,11,11,4,4,28,41,46,45,32,39,36,25
320,84,92,62,79,99,107,56,165,88,84,54,86,46,72,50,107,111,101,104,34,137,73,130,41,81,86,85,33,93,121,81,36,51,71,59,40,111,87,96,104,83,64,98,99,66,62,91,96,114,96,95,134,39,37,24,45,55,93,99,92,69,106,97,69
321,103,111,74,119,141,153,62,272,89,85,49,120,74,77,38,118,113,128,150,33,169,128,256,45,136,133,149,31,208,209,211,49,45,59,73,46,116,154,162,334,90,115,119,200,93,120,170,266,100,179,160,191,26,30,42,62,91,268,216,270,91,202,230,111
322,29,46,18,35,45,36,23,67,21,32,20,57,33,19,13,36,50,28,46,5,41,15,48,1,36,31,34,5,40,31,46,2,23,18,21,12,54,37,36,46,31,22,26,42,22,27,39,24,39,46,49,59,4,3,4,2,19,34,36,35,37,36,23,21
323,126,88,125,88,94,45,54,67,138,43,87,73,69,36,45,39,73,48,84,4,63,22,53,6,69,39,78,8,52,35,51,6,102,48,106,51,73,44,80,70,108,62,128,110,54,41,95,53,82,45,84,52,8,5,9,2,62,61,105,51,33,33,39,17
324,117,112,91,107,115,111,50,154,109,65,60,88,87,79,46,105,109,137,91,28,170,113,160,56,57,117,220,32,92,132,103,38,65,71,60,52,116,213,89,190,81,59,75,84,61,117,75,96,118,100,89,144,33,50,23,49,71,96,127,116,92,120,97,94
325,110,64,77,97,79,43,54,94,93,58,80,82,66,33,50,71,68,50,59,20,63,42,66,19,74,50,90,18,64,48,69,22,78,54,77,52,64,50,71,101,93,76,105,90,78,54,112,74,82,62,112,90,17,15,26,22,66,75,97,77,57,52,80,48
326,11,30,8,11,23,26,8,53,9,10,2,18,17,13,6,28,26,32,18,5,42,17,22,8,16,20,25,10,28,20,22,9,5,13,5,1,16,23,14,36,9,12,10,18,9,25,21,31,15,28,25,41,5,2,7,18,21,27,23,18,22,22,33,14
327,12,29,5,12,21,29,7,50,9,10,2,16,16,14,5,32,25,36,18,5,42,16,25,7,15,17,25,9,27,21,21,8,5,8,5,1,17,22,15,37,6,15,14,20,9,23,22,27,19,26,26,40,4,4,4,17,23,24,19,20,21,23,33,14
328,1736,1540,1330,1681,1794,1549,874,2300,1496,997,952,1420,1261,945,776,1425,1738,1467,1592,189,1974,1196,1961,269,1240,1199,1347,191,1520,1538,1501,207,1069,735,1169,966,1475,1326,1257,2336,1308,990,1369,1624,1020,918,1496,1666,1623,1531,1651,1980,216,193,188,262,1379,1576,1663,1939,1148,1469,1563,1171
329,14,33,6,15,27,23,10,53,8,9,5,18,19,12,6,33,25,31,19,3,41,16,22,5,21,16,23,8,27,20,20,10,6,13,7,1,14,21,16,36,9,13,16,20,11,24,20,31,21,26,24,47,5,1,4,16,21,26,25,18,22,24,35,17
330,937,929,694,801,895,920,499,1235,868,570,520,792,661,551,438,827,951,901,944,147,1102,731,1137,206,682,686,824,161,787,858,806,152,547,451,615,531,860,829,811,1208,760,566,801,913,577,503,813,909,884,803,838,1140,179,156,109,222,728,839,894,1095,696,805,956,741
331,35,36,35,60,39,23,31,47,53,46,27,62,39,27,24,45,24,48,48,14,41,23,46,19,41,33,57,12,36,25,47,7,35,37,25,18,50,31,71,51,57,43,58,63,44,37,67,37,56,43,57,59,10,13,19,10,42,30,52,43,28,29,55,28
332,19,35,22,22,28,30,34,60,23,30,13,41,28,26,17,41,31,35,40,14,30,17,52,13,44,37,63,25,45,23,55,10,16,34,23,14,37,42,48,86,25,44,43,54,30,52,53,48,36,39,37,53,10,9,16,27,41,47,64,47,26,38,63,22
333,32,74,22,42,69,81,58,150,39,79,24,92,30,75,35,118,69,86,119,33,119,74,144,42,74,106,102,39,93,113,85,23,39,61,17,21,76,85,122,169,35,78,59,141,83,99,116,103,78,89,96,137,26,33,36,40,76,97,139,115,76,93,123,65
334,17,34,18,30,38,32,25,89,25,38,25,41,19,41,21,53,36,46,44,18,46,53,75,29,60,59,59,16,41,45,46,17,23,35,18,12,34,54,60,78,45,53,58,48,26,54,69,55,51,51,40,71,14,13,26,26,32,44,65,51,37,40,72,48
335,31,32,16,23,33,33,22,51,17,23,15,20,21,21,13,34,35,32,27,15,47,25,35,12,24,25,32,5,33,36,32,13,16,16,18,16,19,22,34,52,23,29,35,29,17,20,30,30,32,29,29,37,7,15,8,15,24,38,32,34,25,32,29,19
336,10,17,6,7,16,11,6,39,4,11,9,21,10,13,10,21,10,23,10,9,27,25,28,9,10,23,11,8,25,18,22,7,6,14,6,4,21,16,10,24,2,7,51,20,15,15,14,18,16,21,22,31,9,10,7,6,11,19,17,21,19,21,18,7
337,22,19,19,22,22,22,19,48,15,23,16,28,23,26,8,29,26,30,25,7,36,23,42,21,20,29,27,10,27,40,27,11,17,20,13,11,27,23,33,39,14,22,37,41,23,21,32,37,28,27,30,44,13,15,7,14,17,37,41,33,30,26,35,24
338,11,11,7,9,12,21,5,36,5,13,3,13,10,16,5,15,12,26,20,2,27,19,27,6,7,21,16,2,26,13,18,2,3,5,3,9,18,17,19,26,6,8,31,33,7,15,26,27,11,18,16,29,1,2,4,5,22,23,27,20,13,16,25,21
339,42,67,48,60,52,45,33,85,73,47,39,62,51,33,41,83,68,57,57,10,70,33,63,6,34,40,66,20,43,42,54,12,54,34,46,24,51,44,73,75,76,41,82,87,36,44,85,62,79,57,77,77,17,4,14,13,69,57,72,47,43,33,61,32
340,3,10,0,9,7,14,6,29,5,11,3,19,7,10,7,15,13,13,10,9,16,14,25,9,10,15,20,9,17,22,22,10,5,3,1,7,10,11,18,37,7,17,15,50,15,22,55,57,8,16,26,21,7,4,19,7,12,26,56,56,11,25,47,8
341,41,25,28,38,35,31,26,38,37,19,26,26,19,13,23,28,24,24,28,11,32,15,26,14,51,27,43,9,22,21,25,14,32,30,23,16,28,32,34,29,21,40,44,43,25,28,48,22,30,21,34,44,9,14,10,11,20,26,35,29,23,17,44,18
342,16,36,7,22,34,40,11,65,11,24,9,19,20,23,7,37,37,37,40,6,48,32,44,13,29,35,20,7,33,33,35,7,10,7,10,8,16,30,33,60,9,22,22,49,29,32,37,40,27,34,41,38,7,10,7,9,28,36,46,48,23,28,44,20
343,27,21,29,18,18,18,9,36,29,15,17,23,21,12,8,18,20,20,22,4,22,17,21,14,17,11,17,1,22,26,18,8,22,5,18,16,19,15,20,23,29,17,22,25,13,7,33,18,28,23,25,19,4,13,3,6,19,17,23,22,8,20,19,10
344,42,48,30,33,50,34,26,63,39,40,29,45,22,34,25,32,52,32,52,19,40,30,51,13,32,36,35,12,48,36,26,11,35,29,29,16,44,34,43,41,41,26,54,43,32,24,39,22,46,33,42,53,16,17,13,10,33,31,33,25,19,41,29,13
345,23,27,8,16,19,65,9,51,11,10,4,9,21,23,12,21,25,58,27,20,59,76,62,64,28,53,17,9,36,74,35,55,5,7,8,13,9,43,26,62,11,19,12,28,9,37,24,43,15,31,12,38,12,48,16,67,21,42,26,56,29,74,58,58
346,30,34,32,32,42,35,22,54,31,25,45,41,26,22,35,39,25,37,45,9,49,24,47,5,42,36,45,7,37,27,35,9,34,28,47,24,33,39,48,52,49,39,56,38,25,24,31,36,44,38,33,46,14,5,5,6,23,37,39,49,36,28,37,29
347,37,29,42,47,43,35,35,54,47,37,80,44,28,24,34,35,37,31,47,7,38,22,44,5,52,33,78,9,37,23,41,2,36,36,90,36,41,43,76,50,105,63,125,76,33,30,78,44,41,29,66,42,7,4,8,4,47,44,66,43,24,26,39,24
348,22,39,13,37,42,32,20,86,20,38,11,27,27,24,14,42,43,58,28,4,47,35,74,11,32,37,27,9,58,37,42,10,13,18,15,12,30,20,47,73,30,32,18,46,23,35,45,55,32,47,51,60,5,8,8,13,39,56,40,44,29,36,52,36
349,23,41,13,35,41,29,20,82,20,37,11,25,28,21,14,39,42,54,27,4,43,35,72,11,31,37,27,9,55,35,41,9,13,18,15,12,27,20,45,74,30,31,18,45,23,35,45,55,30,44,51,54,5,7,8,13,40,56,40,43,25,33,52,34
350,23,43,13,37,46,35,22,89,20,39,11,29,27,25,15,44,45,61,32,4,51,36,76,12,35,41,28,11,61,37,45,10,13,19,17,12,30,23,48,79,32,34,19,47,24,39,47,56,33,48,51,65,6,9,8,14,40,57,43,47,30,39,57,38
351,61,69,58,61,67,53,50,85,69,52,76,72,52,44,42,61,62,51,87,14,59,25,47,22,65,40,75,13,66,37,56,21,78,53,58,39,65,45,70,92,73,59,70,83,55,43,87,52,70,62,71,78,17,19,16,15,75,59,84,44,39,37,61,33
352,109,112,99,88,92,74,79,110,126,73,91,108,81,55,48,80,90,71,127,20,76,33,76,27,97,58,112,20,86,50,99,25,94,65,101,60,103,84,104,126,125,79,109,121,79,63,120,71,97,86,103,100,23,25,19,22,88,102,118,66,56,44,88,51
353,23,21,12,27,21,26,21,46,17,20,7,17,22,12,13,28,33,24,18,4,33,20,27,3,21,14,22,2,27,25,25,3,10,13,11,19,18,25,13,38,15,9,11,11,18,14,11,14,33,32,25,27,3,3,4,2,19,24,17,22,19,21,11,13
354,3,24,2,11,23,30,11,77,5,14,3,19,9,16,9,52,22,34,19,9,48,43,51,27,19,28,13,19,52,64,42,43,3,16,4,2,25,28,15,56,2,12,3,19,11,23,14,49,18,57,29,58,17,34,14,34,20,47,17,45,34,64,39,36
355,3,23,1,10,21,29,11,74,5,13,3,19,8,15,9,51,18,34,19,9,46,41,51,27,19,27,13,19,52,63,41,43,3,16,3,2,25,28,15,55,2,11,3,19,10,23,14,48,17,57,27,57,17,34,14,34,20,46,17,44,33,63,39,36
356,4,27,2,11,26,31,11,79,5,16,3,19,9,16,9,55,24,35,19,12,49,44,51,30,19,29,13,20,55,66,45,46,3,16,4,2,26,28,15,58,2,12,3,20,12,25,15,53,18,60,30,59,18,37,18,36,21,48,19,48,35,68,40,37
357,838,743,619,730,783,896,360,1096,711,454,453,572,598,495,361,718,773,856,755,188,1038,745,988,286,571,614,748,189,738,841,605,250,470,394,523,412,650,779,625,1088,643,485,680,642,433,510,622,723,756,708,678,967,177,267,151,323,614,663,704,854,618,801,725,708
358,15,25,10,16,24,35,16,46,13,26,9,17,14,15,14,22,30,27,37,6,31,23,28,15,27,25,28,5,32,22,15,10,17,13,10,12,15,27,28,37,16,25,29,31,20,18,35,19,24,28,22,27,4,7,10,16,19,26,24,24,18,19,30,19
359,17,30,9,21,35,32,12,50,14,30,7,7,11,18,1,20,36,41,27,8,52,19,37,12,17,23,14,7,26,37,29,12,9,7,8,5,25,19,27,36,16,24,12,15,8,11,21,17,14,35,13,36,8,9,7,15,11,25,14,22,17,35,21,18
360,257,265,177,252,248,233,117,432,243,164,114,226,203,157,128,235,265,282,232,35,317,177,331,33,197,187,180,34,246,212,232,42,153,115,129,135,214,191,201,374,199,147,170,203,177,150,219,301,248,239,254,401,33,36,27,49,190,214,247,354,250,244,311,266
361,282,327,169,264,314,344,140,457,229,189,101,207,217,185,136,233,361,335,284,61,381,204,342,77,212,217,202,45,297,248,210,44,135,133,145,134,219,217,221,389,196,166,193,223,177,167,219,268,261,246,250,408,66,66,41,54,213,238,221,332,235,249,309,266
362,13,9,9,13,20,13,7,26,7,14,5,20,4,10,3,15,14,12,12,7,16,12,21,13,21,20,8,8,14,19,17,6,8,10,7,0,16,12,15,14,14,16,12,15,9,17,23,15,11,18,32,15,7,15,4,7,9,12,16,9,7,10,14,7
363,28,29,14,34,37,38,26,70,25,38,15,51,15,27,17,43,47,35,33,15,46,29,49,21,30,36,34,8,47,45,49,18,19,27,13,11,51,31,35,49,20,30,18,24,37,21,26,39,40,59,35,65,10,18,9,26,25,27,40,33,28,55,41,17
364,6,8,3,7,8,19,8,17,8,8,8,10,2,10,5,8,13,16,12,5,18,11,16,5,8,13,9,2,14,10,15,0,7,7,4,6,15,14,11,12,5,8,5,10,7,3,9,10,9,20,6,7,5,5,1,1,7,10,12,7,4,4,7,6
365,18,16,16,11,17,10,5,25,15,8,8,21,11,12,9,14,13,11,19,2,14,10,19,4,16,12,8,3,13,14,10,1,13,7,11,8,13,11,19,13,19,11,16,25,8,10,25,8,26,18,17,11,2,3,1,3,11,12,20,12,8,5,13,9
366,19,13,13,14,11,20,9,28,23,5,8,11,6,8,6,7,17,16,11,0,20,15,19,6,9,17,13,4,20,12,12,5,14,6,10,6,11,13,14,16,17,8,12,12,5,15,13,12,11,20,18,9,3,5,4,3,6,16,14,8,5,8,7,6
367,3,7,2,5,9,9,1,13,4,2,1,6,1,3,2,7,9,6,4,1,9,6,7,3,5,6,1,0,8,7,4,3,3,2,0,1,1,3,4,8,4,2,3,3,4,5,5,4,7,9,10,5,1,1,3,2,3,8,2,3,2,4,4,1
368,2,4,3,6,7,11,1,16,2,10,3,7,4,2,3,10,8,10,6,4,12,11,17,2,7,9,8,0,9,12,9,3,5,2,1,1,6,6,11,17,5,6,3,5,5,10,4,9,7,9,6,17,1,2,2,4,6,12,7,7,5,10,13,5
369,1298,1170,988,1130,1167,1084,660,1348,1215,726,809,899,906,629,529,871,1192,1076,1125,165,1224,749,1263,215,901,800,1005,190,891,826,925,168,849,609,904,627,1012,914,1040,1363,1115,801,1163,1061,676,583,1033,1026,1033,939,1124,1139,242,172,126,198,888,882,1124,1140,759,817,901,695
370,61,48,46,46,57,40,34,52,47,37,33,59,36,30,27,35,58,41,45,9,53,24,57,6,31,40,44,4,39,35,37,3,27,27,51,36,48,33,53,50,66,31,86,85,36,28,79,56,52,38,59,45,3,5,7,7,41,42,78,63,34,29,52,27
371,85,107,61,111,133,150,57,261,77,80,44,118,69,76,35,111,109,124,145,33,166,125,252,45,126,132,145,31,198,207,206,47,38,55,65,39,112,151,157,328,81,111,112,191,89,116,161,264,94,171,155,182,25,30,41,62,89,260,207,265,84,199,226,108
372,45,46,47,65,50,33,38,78,58,44,43,86,50,35,31,38,56,30,58,13,47,22,59,13,48,42,52,14,47,47,56,17,50,33,55,22,57,32,53,83,68,51,70,79,57,40,91,59,58,58,74,77,12,9,22,15,48,51,73,64,35,50,71,24
373,18,19,3,23,13,20,6,49,14,11,6,19,18,19,9,22,21,20,20,5,23,19,39,7,14,18,12,8,28,31,27,9,5,7,3,8,19,24,13,42,8,9,6,19,17,12,20,27,20,32,14,44,6,4,6,13,17,29,23,30,22,30,35,31
374,19,21,27,38,30,42,25,55,31,23,44,47,25,33,16,63,41,34,40,3,43,30,58,9,31,27,50,16,36,49,48,10,25,23,43,23,34,36,46,81,56,32,67,60,32,34,59,59,47,37,61,57,8,9,5,16,38,53,60,73,43,43,60,55
375,7,2,10,3,1,1,1,3,8,1,5,12,6,0,5,5,1,0,3,0,0,0,5,0,4,3,3,1,1,2,4,2,4,4,7,6,4,3,4,4,13,2,11,6,4,2,11,4,5,3,9,7,0,1,1,1,6,0,8,5,6,5,2,6
376,2,4,7,1,6,3,1,2,4,0,16,10,2,1,6,4,2,4,1,1,3,2,5,0,6,2,8,0,0,2,3,0,9,8,13,1,3,3,8,3,16,4,13,6,3,1,5,3,7,4,4,2,1,0,0,0,4,1,6,1,1,0,2,0
377,5,1,12,2,3,2,5,4,11,3,28,5,1,1,3,2,5,1,2,0,1,1,3,0,4,1,8,0,4,2,2,0,27,8,12,2,6,1,3,6,12,2,10,5,4,3,4,6,4,2,4,3,0,0,0,0,1,6,10,2,2,0,3,1
378,28,15,32,15,20,13,5,25,27,12,12,26,15,14,10,16,13,18,21,3,13,17,17,13,16,9,20,4,22,16,16,9,24,10,17,8,21,16,14,24,24,11,23,22,8,12,27,11,23,19,20,17,5,15,4,5,11,22,15,15,13,7,17,18
379,125,85,122,85,92,42,53,65,135,42,86,70,65,36,44,39,73,46,80,3,60,22,51,6,67,37,78,8,49,34,48,5,100,48,104,50,72,43,75,68,105,61,124,106,53,39,94,48,81,42,81,51,6,5,9,2,60,59,99,48,33,30,38,16
380,49,51,35,56,74,83,58,127,41,47,28,44,27,35,18,51,80,82,38,21,124,96,106,28,62,69,65,17,81,107,65,21,35,35,38,32,51,47,64,111,39,56,61,89,36,74,83,99,43,82,70,81,15,22,30,21,33,97,92,107,37,74,98,62
381,157,171,115,139,171,182,102,217,143,119,85,112,111,96,66,128,169,165,182,43,210,139,190,58,148,126,148,36,136,167,138,59,85,76,124,87,121,143,165,227,156,135,191,174,101,103,176,193,139,147,134,179,40,49,42,63,108,145,203,215,117,156,184,128
382,13,20,10,11,16,15,9,23,14,11,13,22,11,8,6,10,15,16,22,0,10,10,24,0,19,11,16,2,18,7,14,0,8,10,12,7,18,17,19,21,20,7,14,22,13,14,18,12,13,14,22,18,1,0,0,1,16,15,14,17,6,9,21,6
383,430,416,397,318,383,321,286,334,483,273,310,335,265,167,208,219,386,301,430,35,355,179,357,33,340,242,390,40,218,202,231,33,329,247,387,233,393,285,391,348,442,294,394,410,232,194,368,307,310,212,368,304,43,24,29,43,276,269,415,330,219,177,281,181
384,20,25,11,19,30,24,14,56,15,12,9,10,10,16,9,24,29,29,15,4,42,27,35,7,18,24,18,2,35,31,30,6,12,9,13,9,14,29,19,37,10,12,16,29,10,12,20,29,23,35,15,34,4,4,4,7,15,33,20,34,15,30,30,14
385,21,36,18,27,40,29,29,43,21,28,22,23,20,14,13,23,37,37,25,7,48,30,41,11,30,26,20,8,25,37,17,4,15,31,18,17,25,19,28,33,29,27,24,26,24,9,37,35,26,28,28,33,4,6,11,9,24,32,33,22,15,17,32,13
386,5,11,5,9,12,19,15,25,6,13,8,9,7,9,7,15,8,31,8,6,21,17,27,12,20,13,6,7,23,16,10,7,5,10,11,9,13,7,13,18,8,14,10,16,10,15,15,19,15,15,11,17,7,8,8,9,9,18,15,19,6,15,24,11
387,51,40,44,26,32,34,20,42,52,25,32,32,26,18,19,12,32,42,38,4,42,28,41,10,34,30,30,6,19,22,26,1,34,21,45,16,33,23,50,27,44,35,44,55,31,19,39,32,30,17,32,32,3,5,8,5,27,24,47,30,13,22,32,16
388,21,45,8,41,48,90,22,182,22,27,8,66,24,51,18,122,44,86,49,38,150,95,126,54,30,85,54,24,122,159,88,73,13,23,9,10,56,64,42,156,15,33,13,39,37,74,36,111,69,131,55,156,36,46,29,76,38,106,55,119,72,157,122,98
389,21,46,8,41,49,100,24,191,22,27,8,67,24,54,19,127,47,94,51,39,160,108,135,64,32,90,56,28,129,175,92,80,13,26,9,10,56,68,43,168,15,35,14,41,38,78,39,112,70,140,55,162,37,55,30,87,42,112,56,123,76,167,129,104
390,21,45,8,41,48,92,24,184,22,27,8,67,24,52,18,123,45,87,50,38,153,98,126,60,31,88,55,25,123,164,91,79,13,25,9,10,56,65,43,159,15,34,13,39,38,76,36,111,70,133,55,158,37,53,29,81,38,108,55,120,73,161,125,102
391,16,33,7,33,38,63,17,125,14,23,8,44,21,40,14,78,38,57,41,25,103,58,79,29,26,60,44,15,78,94,54,41,10,17,10,8,40,46,30,101,10,29,17,33,28,52,32,83,48,83,44,105,26,20,19,45,28,61,44,94,51,103,90,63
392,255,270,225,185,243,222,187,215,294,192,177,202,144,112,114,102,270,241,265,17,248,139,249,18,196,150,206,30,149,124,152,13,204,139,210,144,243,162,257,214,263,181,270,254,149,104,231,151,189,151,211,151,20,14,22,22,161,171,235,187,100,102,158,78
393,2,6,0,5,8,13,6,32,2,4,1,5,1,5,1,16,10,9,8,1,29,22,17,7,4,16,6,3,16,28,22,7,0,5,1,2,6,7,7,31,2,7,1,9,4,8,10,11,10,20,5,24,4,8,2,4,1,21,10,22,9,25,16,15
394,2,5,0,5,7,9,6,26,2,4,1,4,1,4,1,12,8,8,6,0,23,17,13,7,4,15,6,2,13,20,17,7,0,5,1,2,5,6,6,23,2,7,1,7,4,7,9,9,8,17,3,20,2,8,2,4,1,15,10,16,8,18,14,10
395,1,3,0,4,6,8,6,24,1,4,1,4,0,2,1,10,7,6,4,0,22,16,10,7,4,14,6,2,11,19,17,6,0,5,1,2,5,6,5,19,2,7,1,6,3,6,9,9,7,16,3,17,1,8,2,4,1,15,10,11,5,15,12,7
396,2,4,0,5,7,8,6,25,1,4,1,4,1,4,1,10,8,7,5,0,23,16,11,7,4,14,6,2,11,20,17,7,0,5,1,2,5,6,6,20,2,7,1,7,3,6,9,9,8,17,3,17,2,8,2,4,1,15,10,13,6,16,12,8
397,455,466,381,561,582,530,371,733,386,369,307,541,440,451,358,578,419,602,443,343,680,550,765,678,455,715,536,453,653,806,758,846,310,428,391,280,525,587,630,765,353,608,528,556,407,540,496,598,452,708,549,708,422,814,405,678,375,689,497,639,583,851,591,495
398,455,466,381,561,582,530,371,733,386,369,307,541,440,451,358,578,419,602,443,343,680,550,765,678,455,715,536,453,653,806,758,846,310,428,391,280,525,587,630,765,353,608,528,556,407,540,496,598,452,708,549,708,422,814,405,678,375,689,497,639,583,851,591,495
399,445,470,355,549,564,513,380,742,377,398,324,531,433,445,388,579,416,598,432,375,659,543,718,714,458,670,511,478,661,823,771,860,303,421,422,296,502,564,608,759,386,588,514,584,435,545,528,624,438,682,569,718,444,857,451,682,379,733,505,651,590,849,612,507
400,120,91,95,134,109,79,53,163,106,115,77,109,105,67,81,122,90,93,110,64,109,72,106,113,77,112,80,62,133,123,117,83,86,75,93,51,99,75,109,130,106,97,91,113,115,84,114,132,121,115,154,136,57,93,75,95,68,128,107,126,127,117,113,75
401,373,433,302,463,499,479,345,636,323,356,282,463,376,413,341,490,367,552,399,355,595,501,662,644,412,607,470,446,577,742,701,822,265,374,364,264,457,527,560,690,330,544,475,519,370,492,469,531,353,610,474,623,423,809,411,632,339,655,442,571,513,775,538,449
402,445,470,355,549,564,513,380,742,377,398,324,531,433,445,388,579,416,598,432,375,659,543,718,714,458,670,511,478,661,823,771,860,303,421,422,296,502,564,608,759,386,588,514,584,435,545,528,624,438,682,569,718,444,857,451,682,379,733,505,651,590,849,612,507
403,120,91,95,134,109,79,53,163,106,115,77,109,105,67,81,122,90,93,110,64,109,72,106,113,77,112,80,62,133,123,117,83,86,75,93,51,99,75,109,130,106,97,91,113,115,84,114,132,121,115,154,136,57,93,75,95,68,128,107,126,127,117,113,75
404,373,433,302,463,499,479,345,636,323,356,282,463,376,413,341,490,367,552,399,355,595,501,662,644,412,607,470,446,577,742,701,822,265,374,364,264,457,527,560,690,330,544,475,519,370,492,469,531,353,610,474,623,423,809,411,632,339,655,442,571,513,775,538,449
405,0,0,0,0,0,0,0,0,0,1,0,0,0,0,0,0,0,1,0,0,0,1,0,1,0,0,0,0,0,0,0,1,0,0,0,0,0,0,0,0,0,0,0,0,1,0,0,0,0,0,0,0,0,1,0,1,0,0,0,0,0,0,1,0
406,11,13,2,27,18,19,10,25,6,17,5,19,18,31,20,17,25,23,8,26,17,8,18,23,9,19,7,17,24,16,30,45,10,8,5,14,14,14,15,20,4,12,12,18,19,18,14,29,15,23,21,29,25,41,18,28,16,20,17,28,30,32,24,27
407,369,420,275,465,467,470,308,676,320,371,257,472,373,434,331,502,360,550,403,372,574,507,668,694,379,611,451,464,598,775,727,863,252,364,316,237,478,521,536,718,298,530,441,498,390,493,474,511,350,629,484,663,435,856,443,659,330,655,412,570,537,823,532,440
408,2,4,1,6,5,7,1,7,2,5,0,3,4,9,5,5,9,4,1,12,3,1,3,7,3,7,2,2,7,2,5,11,0,2,3,2,1,3,2,5,2,5,5,3,7,4,5,12,4,2,9,7,3,6,7,16,5,4,4,10,12,13,8,5
